--
-- PostgreSQL database dump
--

-- Dumped from database version 17.4
-- Dumped by pg_dump version 17.4

-- Started on 2025-05-30 15:06:12

SET statement_timeout = 0;
SET lock_timeout = 0;
SET idle_in_transaction_session_timeout = 0;
SET transaction_timeout = 0;
SET client_encoding = 'UTF8';
SET standard_conforming_strings = on;
SELECT pg_catalog.set_config('search_path', '', false);
SET check_function_bodies = false;
SET xmloption = content;
SET client_min_messages = warning;
SET row_security = off;

SET default_tablespace = '';

SET default_table_access_method = heap;

--
-- TOC entry 234 (class 1259 OID 17390)
-- Name: Customizables; Type: TABLE; Schema: public; Owner: postgres
--

CREATE TABLE public."Customizables" (
    id bigint NOT NULL,
    bio text,
    birth_date date,
    profile_image character varying(100),
    user_id integer NOT NULL,
    is_private boolean NOT NULL,
    created_at timestamp with time zone NOT NULL,
    gender character varying(10),
    updated_at timestamp with time zone NOT NULL,
    cover_image character varying(100)
);


ALTER TABLE public."Customizables" OWNER TO postgres;

--
-- TOC entry 259 (class 1259 OID 50660)
-- Name: Customizables_blocked_users; Type: TABLE; Schema: public; Owner: postgres
--

CREATE TABLE public."Customizables_blocked_users" (
    id bigint NOT NULL,
    profile_id bigint NOT NULL,
    user_id integer NOT NULL
);


ALTER TABLE public."Customizables_blocked_users" OWNER TO postgres;

--
-- TOC entry 258 (class 1259 OID 50659)
-- Name: Customizables_blocked_users_id_seq; Type: SEQUENCE; Schema: public; Owner: postgres
--

ALTER TABLE public."Customizables_blocked_users" ALTER COLUMN id ADD GENERATED BY DEFAULT AS IDENTITY (
    SEQUENCE NAME public."Customizables_blocked_users_id_seq"
    START WITH 1
    INCREMENT BY 1
    NO MINVALUE
    NO MAXVALUE
    CACHE 1
);


--
-- TOC entry 257 (class 1259 OID 17752)
-- Name: Customizables_friends; Type: TABLE; Schema: public; Owner: postgres
--

CREATE TABLE public."Customizables_friends" (
    id bigint NOT NULL,
    from_profile_id bigint NOT NULL,
    to_profile_id bigint NOT NULL
);


ALTER TABLE public."Customizables_friends" OWNER TO postgres;

--
-- TOC entry 256 (class 1259 OID 17751)
-- Name: Customizables_friends_id_seq; Type: SEQUENCE; Schema: public; Owner: postgres
--

ALTER TABLE public."Customizables_friends" ALTER COLUMN id ADD GENERATED BY DEFAULT AS IDENTITY (
    SEQUENCE NAME public."Customizables_friends_id_seq"
    START WITH 1
    INCREMENT BY 1
    NO MINVALUE
    NO MAXVALUE
    CACHE 1
);


--
-- TOC entry 239 (class 1259 OID 17443)
-- Name: Friendship_friendrequest; Type: TABLE; Schema: public; Owner: postgres
--

CREATE TABLE public."Friendship_friendrequest" (
    id bigint NOT NULL,
    created_at timestamp with time zone NOT NULL,
    from_user_id integer NOT NULL,
    to_user_id integer NOT NULL,
    status character varying(10) NOT NULL,
    updated_at timestamp with time zone NOT NULL
);


ALTER TABLE public."Friendship_friendrequest" OWNER TO postgres;

--
-- TOC entry 238 (class 1259 OID 17442)
-- Name: Friendship_friendrequest_id_seq; Type: SEQUENCE; Schema: public; Owner: postgres
--

ALTER TABLE public."Friendship_friendrequest" ALTER COLUMN id ADD GENERATED BY DEFAULT AS IDENTITY (
    SEQUENCE NAME public."Friendship_friendrequest_id_seq"
    START WITH 1
    INCREMENT BY 1
    NO MINVALUE
    NO MAXVALUE
    CACHE 1
);


--
-- TOC entry 255 (class 1259 OID 17724)
-- Name: Notifications_notifications; Type: TABLE; Schema: public; Owner: postgres
--

CREATE TABLE public."Notifications_notifications" (
    id bigint NOT NULL,
    message text NOT NULL,
    notification_type character varying(20),
    created_at timestamp with time zone NOT NULL,
    is_read boolean NOT NULL,
    to_user_id integer NOT NULL,
    friend_request_id bigint,
    post_id bigint,
    comment_id bigint
);


ALTER TABLE public."Notifications_notifications" OWNER TO postgres;

--
-- TOC entry 254 (class 1259 OID 17723)
-- Name: Notifications_notifications_id_seq; Type: SEQUENCE; Schema: public; Owner: postgres
--

ALTER TABLE public."Notifications_notifications" ALTER COLUMN id ADD GENERATED BY DEFAULT AS IDENTITY (
    SEQUENCE NAME public."Notifications_notifications_id_seq"
    START WITH 1
    INCREMENT BY 1
    NO MINVALUE
    NO MAXVALUE
    CACHE 1
);


--
-- TOC entry 245 (class 1259 OID 17476)
-- Name: Posts_like; Type: TABLE; Schema: public; Owner: postgres
--

CREATE TABLE public."Posts_like" (
    id bigint NOT NULL,
    liked_at timestamp with time zone NOT NULL,
    user_id integer NOT NULL,
    post_id bigint NOT NULL
);


ALTER TABLE public."Posts_like" OWNER TO postgres;

--
-- TOC entry 244 (class 1259 OID 17475)
-- Name: Posts_like_id_seq; Type: SEQUENCE; Schema: public; Owner: postgres
--

ALTER TABLE public."Posts_like" ALTER COLUMN id ADD GENERATED BY DEFAULT AS IDENTITY (
    SEQUENCE NAME public."Posts_like_id_seq"
    START WITH 1
    INCREMENT BY 1
    NO MINVALUE
    NO MAXVALUE
    CACHE 1
);


--
-- TOC entry 243 (class 1259 OID 17469)
-- Name: Posts_media; Type: TABLE; Schema: public; Owner: postgres
--

CREATE TABLE public."Posts_media" (
    id bigint NOT NULL,
    file character varying(100) NOT NULL,
    media_type character varying(5) NOT NULL,
    post_id bigint NOT NULL
);


ALTER TABLE public."Posts_media" OWNER TO postgres;

--
-- TOC entry 242 (class 1259 OID 17468)
-- Name: Posts_media_id_seq; Type: SEQUENCE; Schema: public; Owner: postgres
--

ALTER TABLE public."Posts_media" ALTER COLUMN id ADD GENERATED BY DEFAULT AS IDENTITY (
    SEQUENCE NAME public."Posts_media_id_seq"
    START WITH 1
    INCREMENT BY 1
    NO MINVALUE
    NO MAXVALUE
    CACHE 1
);


--
-- TOC entry 241 (class 1259 OID 17461)
-- Name: Posts_post; Type: TABLE; Schema: public; Owner: postgres
--

CREATE TABLE public."Posts_post" (
    id bigint NOT NULL,
    description text NOT NULL,
    created_at timestamp with time zone NOT NULL,
    author_id integer NOT NULL,
    parent_id bigint,
    type character varying(6) NOT NULL
);


ALTER TABLE public."Posts_post" OWNER TO postgres;

--
-- TOC entry 240 (class 1259 OID 17460)
-- Name: Posts_post_id_seq; Type: SEQUENCE; Schema: public; Owner: postgres
--

ALTER TABLE public."Posts_post" ALTER COLUMN id ADD GENERATED BY DEFAULT AS IDENTITY (
    SEQUENCE NAME public."Posts_post_id_seq"
    START WITH 1
    INCREMENT BY 1
    NO MINVALUE
    NO MAXVALUE
    CACHE 1
);


--
-- TOC entry 233 (class 1259 OID 17389)
-- Name: Profile_profile_id_seq; Type: SEQUENCE; Schema: public; Owner: postgres
--

ALTER TABLE public."Customizables" ALTER COLUMN id ADD GENERATED BY DEFAULT AS IDENTITY (
    SEQUENCE NAME public."Profile_profile_id_seq"
    START WITH 1
    INCREMENT BY 1
    NO MINVALUE
    NO MAXVALUE
    CACHE 1
);


--
-- TOC entry 224 (class 1259 OID 17304)
-- Name: auth_group; Type: TABLE; Schema: public; Owner: postgres
--

CREATE TABLE public.auth_group (
    id integer NOT NULL,
    name character varying(150) NOT NULL
);


ALTER TABLE public.auth_group OWNER TO postgres;

--
-- TOC entry 223 (class 1259 OID 17303)
-- Name: auth_group_id_seq; Type: SEQUENCE; Schema: public; Owner: postgres
--

ALTER TABLE public.auth_group ALTER COLUMN id ADD GENERATED BY DEFAULT AS IDENTITY (
    SEQUENCE NAME public.auth_group_id_seq
    START WITH 1
    INCREMENT BY 1
    NO MINVALUE
    NO MAXVALUE
    CACHE 1
);


--
-- TOC entry 226 (class 1259 OID 17312)
-- Name: auth_group_permissions; Type: TABLE; Schema: public; Owner: postgres
--

CREATE TABLE public.auth_group_permissions (
    id bigint NOT NULL,
    group_id integer NOT NULL,
    permission_id integer NOT NULL
);


ALTER TABLE public.auth_group_permissions OWNER TO postgres;

--
-- TOC entry 225 (class 1259 OID 17311)
-- Name: auth_group_permissions_id_seq; Type: SEQUENCE; Schema: public; Owner: postgres
--

ALTER TABLE public.auth_group_permissions ALTER COLUMN id ADD GENERATED BY DEFAULT AS IDENTITY (
    SEQUENCE NAME public.auth_group_permissions_id_seq
    START WITH 1
    INCREMENT BY 1
    NO MINVALUE
    NO MAXVALUE
    CACHE 1
);


--
-- TOC entry 222 (class 1259 OID 17298)
-- Name: auth_permission; Type: TABLE; Schema: public; Owner: postgres
--

CREATE TABLE public.auth_permission (
    id integer NOT NULL,
    name character varying(255) NOT NULL,
    content_type_id integer NOT NULL,
    codename character varying(100) NOT NULL
);


ALTER TABLE public.auth_permission OWNER TO postgres;

--
-- TOC entry 221 (class 1259 OID 17297)
-- Name: auth_permission_id_seq; Type: SEQUENCE; Schema: public; Owner: postgres
--

ALTER TABLE public.auth_permission ALTER COLUMN id ADD GENERATED BY DEFAULT AS IDENTITY (
    SEQUENCE NAME public.auth_permission_id_seq
    START WITH 1
    INCREMENT BY 1
    NO MINVALUE
    NO MAXVALUE
    CACHE 1
);


--
-- TOC entry 228 (class 1259 OID 17318)
-- Name: auth_user; Type: TABLE; Schema: public; Owner: postgres
--

CREATE TABLE public.auth_user (
    id integer NOT NULL,
    password character varying(128) NOT NULL,
    last_login timestamp with time zone,
    is_superuser boolean NOT NULL,
    username character varying(150) NOT NULL,
    first_name character varying(150) NOT NULL,
    last_name character varying(150) NOT NULL,
    email character varying(254) NOT NULL,
    is_staff boolean NOT NULL,
    is_active boolean NOT NULL,
    date_joined timestamp with time zone NOT NULL
);


ALTER TABLE public.auth_user OWNER TO postgres;

--
-- TOC entry 230 (class 1259 OID 17326)
-- Name: auth_user_groups; Type: TABLE; Schema: public; Owner: postgres
--

CREATE TABLE public.auth_user_groups (
    id bigint NOT NULL,
    user_id integer NOT NULL,
    group_id integer NOT NULL
);


ALTER TABLE public.auth_user_groups OWNER TO postgres;

--
-- TOC entry 229 (class 1259 OID 17325)
-- Name: auth_user_groups_id_seq; Type: SEQUENCE; Schema: public; Owner: postgres
--

ALTER TABLE public.auth_user_groups ALTER COLUMN id ADD GENERATED BY DEFAULT AS IDENTITY (
    SEQUENCE NAME public.auth_user_groups_id_seq
    START WITH 1
    INCREMENT BY 1
    NO MINVALUE
    NO MAXVALUE
    CACHE 1
);


--
-- TOC entry 227 (class 1259 OID 17317)
-- Name: auth_user_id_seq; Type: SEQUENCE; Schema: public; Owner: postgres
--

ALTER TABLE public.auth_user ALTER COLUMN id ADD GENERATED BY DEFAULT AS IDENTITY (
    SEQUENCE NAME public.auth_user_id_seq
    START WITH 1
    INCREMENT BY 1
    NO MINVALUE
    NO MAXVALUE
    CACHE 1
);


--
-- TOC entry 232 (class 1259 OID 17332)
-- Name: auth_user_user_permissions; Type: TABLE; Schema: public; Owner: postgres
--

CREATE TABLE public.auth_user_user_permissions (
    id bigint NOT NULL,
    user_id integer NOT NULL,
    permission_id integer NOT NULL
);


ALTER TABLE public.auth_user_user_permissions OWNER TO postgres;

--
-- TOC entry 231 (class 1259 OID 17331)
-- Name: auth_user_user_permissions_id_seq; Type: SEQUENCE; Schema: public; Owner: postgres
--

ALTER TABLE public.auth_user_user_permissions ALTER COLUMN id ADD GENERATED BY DEFAULT AS IDENTITY (
    SEQUENCE NAME public.auth_user_user_permissions_id_seq
    START WITH 1
    INCREMENT BY 1
    NO MINVALUE
    NO MAXVALUE
    CACHE 1
);


--
-- TOC entry 260 (class 1259 OID 50684)
-- Name: authtoken_token; Type: TABLE; Schema: public; Owner: postgres
--

CREATE TABLE public.authtoken_token (
    key character varying(40) NOT NULL,
    created timestamp with time zone NOT NULL,
    user_id integer NOT NULL
);


ALTER TABLE public.authtoken_token OWNER TO postgres;

--
-- TOC entry 251 (class 1259 OID 17607)
-- Name: cities_light_city; Type: TABLE; Schema: public; Owner: postgres
--

CREATE TABLE public.cities_light_city (
    id integer NOT NULL,
    name_ascii character varying(200) NOT NULL,
    slug character varying(50) NOT NULL,
    geoname_id integer,
    alternate_names text,
    name character varying(200) NOT NULL,
    display_name character varying(200) NOT NULL,
    search_names text NOT NULL,
    latitude numeric(8,5),
    longitude numeric(8,5),
    region_id integer,
    country_id integer NOT NULL,
    population bigint,
    feature_code character varying(10),
    timezone character varying(40),
    subregion_id integer
);


ALTER TABLE public.cities_light_city OWNER TO postgres;

--
-- TOC entry 250 (class 1259 OID 17606)
-- Name: cities_light_city_id_seq; Type: SEQUENCE; Schema: public; Owner: postgres
--

ALTER TABLE public.cities_light_city ALTER COLUMN id ADD GENERATED BY DEFAULT AS IDENTITY (
    SEQUENCE NAME public.cities_light_city_id_seq
    START WITH 1
    INCREMENT BY 1
    NO MINVALUE
    NO MAXVALUE
    CACHE 1
);


--
-- TOC entry 247 (class 1259 OID 17552)
-- Name: cities_light_country; Type: TABLE; Schema: public; Owner: postgres
--

CREATE TABLE public.cities_light_country (
    id integer NOT NULL,
    name_ascii character varying(200) NOT NULL,
    slug character varying(50) NOT NULL,
    geoname_id integer,
    alternate_names text,
    name character varying(200) NOT NULL,
    code2 character varying(2),
    code3 character varying(3),
    continent character varying(2) NOT NULL,
    tld character varying(5) NOT NULL,
    phone character varying(20)
);


ALTER TABLE public.cities_light_country OWNER TO postgres;

--
-- TOC entry 246 (class 1259 OID 17551)
-- Name: cities_light_country_id_seq; Type: SEQUENCE; Schema: public; Owner: postgres
--

ALTER TABLE public.cities_light_country ALTER COLUMN id ADD GENERATED BY DEFAULT AS IDENTITY (
    SEQUENCE NAME public.cities_light_country_id_seq
    START WITH 1
    INCREMENT BY 1
    NO MINVALUE
    NO MAXVALUE
    CACHE 1
);


--
-- TOC entry 249 (class 1259 OID 17568)
-- Name: cities_light_region; Type: TABLE; Schema: public; Owner: postgres
--

CREATE TABLE public.cities_light_region (
    id integer NOT NULL,
    name_ascii character varying(200) NOT NULL,
    slug character varying(50) NOT NULL,
    geoname_id integer,
    alternate_names text,
    name character varying(200) NOT NULL,
    display_name character varying(200) NOT NULL,
    geoname_code character varying(50),
    country_id integer NOT NULL
);


ALTER TABLE public.cities_light_region OWNER TO postgres;

--
-- TOC entry 248 (class 1259 OID 17567)
-- Name: cities_light_region_id_seq; Type: SEQUENCE; Schema: public; Owner: postgres
--

ALTER TABLE public.cities_light_region ALTER COLUMN id ADD GENERATED BY DEFAULT AS IDENTITY (
    SEQUENCE NAME public.cities_light_region_id_seq
    START WITH 1
    INCREMENT BY 1
    NO MINVALUE
    NO MAXVALUE
    CACHE 1
);


--
-- TOC entry 253 (class 1259 OID 17645)
-- Name: cities_light_subregion; Type: TABLE; Schema: public; Owner: postgres
--

CREATE TABLE public.cities_light_subregion (
    id integer NOT NULL,
    name character varying(200) NOT NULL,
    name_ascii character varying(200) NOT NULL,
    slug character varying(50) NOT NULL,
    geoname_id integer,
    alternate_names text,
    display_name character varying(200) NOT NULL,
    geoname_code character varying(50),
    country_id integer NOT NULL,
    region_id integer
);


ALTER TABLE public.cities_light_subregion OWNER TO postgres;

--
-- TOC entry 252 (class 1259 OID 17644)
-- Name: cities_light_subregion_id_seq; Type: SEQUENCE; Schema: public; Owner: postgres
--

ALTER TABLE public.cities_light_subregion ALTER COLUMN id ADD GENERATED BY DEFAULT AS IDENTITY (
    SEQUENCE NAME public.cities_light_subregion_id_seq
    START WITH 1
    INCREMENT BY 1
    NO MINVALUE
    NO MAXVALUE
    CACHE 1
);


--
-- TOC entry 236 (class 1259 OID 17405)
-- Name: django_admin_log; Type: TABLE; Schema: public; Owner: postgres
--

CREATE TABLE public.django_admin_log (
    id integer NOT NULL,
    action_time timestamp with time zone NOT NULL,
    object_id text,
    object_repr character varying(200) NOT NULL,
    action_flag smallint NOT NULL,
    change_message text NOT NULL,
    content_type_id integer,
    user_id integer NOT NULL,
    CONSTRAINT django_admin_log_action_flag_check CHECK ((action_flag >= 0))
);


ALTER TABLE public.django_admin_log OWNER TO postgres;

--
-- TOC entry 235 (class 1259 OID 17404)
-- Name: django_admin_log_id_seq; Type: SEQUENCE; Schema: public; Owner: postgres
--

ALTER TABLE public.django_admin_log ALTER COLUMN id ADD GENERATED BY DEFAULT AS IDENTITY (
    SEQUENCE NAME public.django_admin_log_id_seq
    START WITH 1
    INCREMENT BY 1
    NO MINVALUE
    NO MAXVALUE
    CACHE 1
);


--
-- TOC entry 220 (class 1259 OID 17290)
-- Name: django_content_type; Type: TABLE; Schema: public; Owner: postgres
--

CREATE TABLE public.django_content_type (
    id integer NOT NULL,
    app_label character varying(100) NOT NULL,
    model character varying(100) NOT NULL
);


ALTER TABLE public.django_content_type OWNER TO postgres;

--
-- TOC entry 219 (class 1259 OID 17289)
-- Name: django_content_type_id_seq; Type: SEQUENCE; Schema: public; Owner: postgres
--

ALTER TABLE public.django_content_type ALTER COLUMN id ADD GENERATED BY DEFAULT AS IDENTITY (
    SEQUENCE NAME public.django_content_type_id_seq
    START WITH 1
    INCREMENT BY 1
    NO MINVALUE
    NO MAXVALUE
    CACHE 1
);


--
-- TOC entry 218 (class 1259 OID 17282)
-- Name: django_migrations; Type: TABLE; Schema: public; Owner: postgres
--

CREATE TABLE public.django_migrations (
    id bigint NOT NULL,
    app character varying(255) NOT NULL,
    name character varying(255) NOT NULL,
    applied timestamp with time zone NOT NULL
);


ALTER TABLE public.django_migrations OWNER TO postgres;

--
-- TOC entry 217 (class 1259 OID 17281)
-- Name: django_migrations_id_seq; Type: SEQUENCE; Schema: public; Owner: postgres
--

ALTER TABLE public.django_migrations ALTER COLUMN id ADD GENERATED BY DEFAULT AS IDENTITY (
    SEQUENCE NAME public.django_migrations_id_seq
    START WITH 1
    INCREMENT BY 1
    NO MINVALUE
    NO MAXVALUE
    CACHE 1
);


--
-- TOC entry 237 (class 1259 OID 17433)
-- Name: django_session; Type: TABLE; Schema: public; Owner: postgres
--

CREATE TABLE public.django_session (
    session_key character varying(40) NOT NULL,
    session_data text NOT NULL,
    expire_date timestamp with time zone NOT NULL
);


ALTER TABLE public.django_session OWNER TO postgres;

--
-- TOC entry 262 (class 1259 OID 67109)
-- Name: token_blacklist_blacklistedtoken; Type: TABLE; Schema: public; Owner: postgres
--

CREATE TABLE public.token_blacklist_blacklistedtoken (
    id bigint NOT NULL,
    blacklisted_at timestamp with time zone NOT NULL,
    token_id bigint NOT NULL
);


ALTER TABLE public.token_blacklist_blacklistedtoken OWNER TO postgres;

--
-- TOC entry 261 (class 1259 OID 67108)
-- Name: token_blacklist_blacklistedtoken_id_seq; Type: SEQUENCE; Schema: public; Owner: postgres
--

ALTER TABLE public.token_blacklist_blacklistedtoken ALTER COLUMN id ADD GENERATED BY DEFAULT AS IDENTITY (
    SEQUENCE NAME public.token_blacklist_blacklistedtoken_id_seq
    START WITH 1
    INCREMENT BY 1
    NO MINVALUE
    NO MAXVALUE
    CACHE 1
);


--
-- TOC entry 264 (class 1259 OID 67115)
-- Name: token_blacklist_outstandingtoken; Type: TABLE; Schema: public; Owner: postgres
--

CREATE TABLE public.token_blacklist_outstandingtoken (
    id bigint NOT NULL,
    token text NOT NULL,
    created_at timestamp with time zone,
    expires_at timestamp with time zone NOT NULL,
    user_id integer,
    jti character varying(255) NOT NULL
);


ALTER TABLE public.token_blacklist_outstandingtoken OWNER TO postgres;

--
-- TOC entry 263 (class 1259 OID 67114)
-- Name: token_blacklist_outstandingtoken_id_seq; Type: SEQUENCE; Schema: public; Owner: postgres
--

ALTER TABLE public.token_blacklist_outstandingtoken ALTER COLUMN id ADD GENERATED BY DEFAULT AS IDENTITY (
    SEQUENCE NAME public.token_blacklist_outstandingtoken_id_seq
    START WITH 1
    INCREMENT BY 1
    NO MINVALUE
    NO MAXVALUE
    CACHE 1
);


--
-- TOC entry 5233 (class 0 OID 17390)
-- Dependencies: 234
-- Data for Name: Customizables; Type: TABLE DATA; Schema: public; Owner: postgres
--

COPY public."Customizables" (id, bio, birth_date, profile_image, user_id, is_private, created_at, gender, updated_at, cover_image) FROM stdin;
3	\N	\N	profile_images/default.jpg	2	f	2025-04-04 15:01:50.590596+03	\N	2025-04-04 15:01:50.609238+03	\N
32	sssddssssssdafdsfeds	2003-11-21	profile_images/cropped-0_rPUVGhG.jpg	30	t	2025-04-30 16:21:10.609469+03	male	2025-05-29 18:44:37.645896+03	cover_images/cropped-0_LE9vxug.jpg
4		\N	profile_images/default.jpg	3	f	2025-04-04 15:01:50.590596+03	\N	2025-04-04 15:01:50.609238+03	\N
7	\N	\N	profile_images/default.jpg	5	f	2025-04-04 15:01:50.590596+03	\N	2025-04-04 15:01:50.609238+03	\N
8	\N	2000-01-05	profile_images/default.jpg	6	f	2025-04-04 23:41:56.662071+03	male	2025-04-04 23:41:56.666317+03	\N
9	\N	2002-06-01	profile_images/default.jpg	7	f	2025-04-05 00:20:55.634896+03	male	2025-04-05 00:20:55.638653+03	\N
26		2004-04-18	profile_images/default.jpg	24	f	2025-04-13 14:46:14.553812+03	male	2025-04-13 15:19:14.178548+03	\N
11	\N	2002-01-07	profile_images/default.jpg	9	f	2025-04-07 23:04:47.399099+03	male	2025-04-07 23:04:47.401778+03	\N
29	\N	1987-03-11	profile_images/default.jpg	27	f	2025-04-26 16:57:19.710179+03	male	2025-04-26 16:57:22.093588+03	\N
34		2003-04-12	profile_images/profile_1746444250249.jpg	32	f	2025-05-05 14:22:32.552402+03	female	2025-05-05 14:24:12.579171+03	
2	EU SUNT ADMIN	\N	profile_images/default.jpg	1	f	2025-04-04 15:01:50.590596+03	\N	2025-05-28 17:57:45.273083+03	
\.


--
-- TOC entry 5258 (class 0 OID 50660)
-- Dependencies: 259
-- Data for Name: Customizables_blocked_users; Type: TABLE DATA; Schema: public; Owner: postgres
--

COPY public."Customizables_blocked_users" (id, profile_id, user_id) FROM stdin;
\.


--
-- TOC entry 5256 (class 0 OID 17752)
-- Dependencies: 257
-- Data for Name: Customizables_friends; Type: TABLE DATA; Schema: public; Owner: postgres
--

COPY public."Customizables_friends" (id, from_profile_id, to_profile_id) FROM stdin;
4	4	3
6	3	4
9	26	4
10	4	26
11	32	2
12	2	32
\.


--
-- TOC entry 5238 (class 0 OID 17443)
-- Dependencies: 239
-- Data for Name: Friendship_friendrequest; Type: TABLE DATA; Schema: public; Owner: postgres
--

COPY public."Friendship_friendrequest" (id, created_at, from_user_id, to_user_id, status, updated_at) FROM stdin;
10	2025-03-15 18:29:18.971522+02	3	2	accepted	2025-04-04 15:01:50.527682+03
13	2025-04-04 15:04:02.699288+03	3	5	accepted	2025-04-04 15:04:39.303126+03
14	2025-04-13 15:18:07.119336+03	24	3	accepted	2025-04-13 15:19:00.548192+03
15	2025-05-20 23:04:47.126689+03	30	1	accepted	2025-05-20 23:06:15.290743+03
\.


--
-- TOC entry 5254 (class 0 OID 17724)
-- Dependencies: 255
-- Data for Name: Notifications_notifications; Type: TABLE DATA; Schema: public; Owner: postgres
--

COPY public."Notifications_notifications" (id, message, notification_type, created_at, is_read, to_user_id, friend_request_id, post_id, comment_id) FROM stdin;
322	vancea_c liked your post	post_like	2025-05-29 17:57:37.212165+03	f	1	\N	828	\N
323	vancea_c liked your post	post_like	2025-05-29 17:57:56.084301+03	f	1	\N	828	\N
324	vancea_c liked your post	post_like	2025-05-29 18:01:35.076734+03	f	1	\N	828	\N
325	vancea_c liked your post	post_like	2025-05-29 18:01:41.042805+03	f	1	\N	828	\N
326	vancea_c liked your post	post_like	2025-05-29 18:01:49.955417+03	f	1	\N	828	\N
328	vancea_c liked your post	post_like	2025-05-29 18:10:16.133004+03	f	1	\N	828	\N
329	vancea_c liked your post	post_like	2025-05-29 18:10:20.895483+03	f	1	\N	828	\N
330	ADMIN liked your post	post_like	2025-05-29 18:10:27.066906+03	f	30	\N	831	\N
331	ADMIN liked your post	post_like	2025-05-29 18:10:29.515642+03	f	30	\N	831	\N
332	ADMIN liked your post	post_like	2025-05-29 18:10:34.687938+03	f	30	\N	831	\N
333	ADMIN liked your post	post_like	2025-05-29 18:10:36.506958+03	f	30	\N	831	\N
334	ADMIN liked your post	post_like	2025-05-29 18:10:43.756393+03	f	30	\N	831	\N
335	ADMIN liked your post	post_like	2025-05-29 18:10:50.960476+03	f	30	\N	831	\N
336	vancea_c liked your post	post_like	2025-05-29 18:14:29.702332+03	f	1	\N	828	\N
337	vancea_c liked your post	post_like	2025-05-29 18:14:36.607249+03	f	1	\N	828	\N
338	vancea_c liked your post	post_like	2025-05-29 18:14:38.182798+03	f	1	\N	828	\N
341	vancea_c liked your post	post_like	2025-05-30 09:32:25.259764+03	f	1	\N	828	\N
342	vancea_c liked your post	post_like	2025-05-30 09:35:17.875329+03	f	1	\N	828	\N
343	vancea_c liked your post	post_like	2025-05-30 09:35:31.564749+03	f	1	\N	828	\N
346	vancea_c has a new post.	new_post	2025-05-30 09:37:33.153767+03	f	1	\N	843	\N
347	vancea_c has a new post.	new_post	2025-05-30 09:37:35.062045+03	f	1	\N	844	\N
350	vancea_c has a new post.	new_post	2025-05-30 09:42:52.359345+03	f	1	\N	847	\N
351	vancea_c commented on your post.	post_comment	2025-05-30 09:42:52.361932+03	f	1	\N	828	847
352	vancea_c replied to your comment.	comment_reply	2025-05-30 09:42:52.362772+03	f	1	\N	828	847
34	Claudiu sent you a friend request.	friend_request	2025-03-15 18:29:18.977282+02	f	2	10	\N	\N
359	vancea_c liked your post	post_like	2025-05-30 11:14:25.382335+03	f	1	\N	828	\N
41	Claudiu sent you a friend request.	friend_request	2025-04-04 15:04:02.700969+03	f	5	13	\N	\N
42	mihaimuramasinamare sent you a friend request.	friend_request	2025-04-13 15:18:07.121016+03	f	3	14	\N	\N
362	vancea_c liked your post	post_like	2025-05-30 11:18:10.917735+03	f	1	\N	828	\N
282	ADMIN has a new post.	new_post	2025-05-29 11:12:45.142857+03	f	30	\N	828	\N
52	vancea_c sent you a friend request.	friend_request	2025-05-20 23:04:47.128705+03	f	1	15	\N	\N
283	vancea_c liked your post	post_like	2025-05-29 11:12:58.853733+03	f	1	\N	828	\N
288	vancea_c has a new post.	new_post	2025-05-29 11:15:26.281469+03	f	1	\N	831	\N
289	ADMIN liked your post	post_like	2025-05-29 11:42:58.631233+03	f	30	\N	831	\N
291	ADMIN liked your post	post_like	2025-05-29 11:46:08.061276+03	f	30	\N	831	\N
292	vancea_c liked your post	post_like	2025-05-29 12:46:48.279358+03	f	1	\N	828	\N
293	vancea_c liked your post	post_like	2025-05-29 12:49:21.307064+03	f	1	\N	828	\N
294	vancea_c liked your post	post_like	2025-05-29 12:57:42.096789+03	f	1	\N	828	\N
295	vancea_c liked your post	post_like	2025-05-29 13:02:26.901698+03	f	1	\N	828	\N
296	vancea_c liked your post	post_like	2025-05-29 13:02:40.721751+03	f	1	\N	828	\N
297	vancea_c liked your post	post_like	2025-05-29 13:07:01.091093+03	f	1	\N	828	\N
298	vancea_c liked your post	post_like	2025-05-29 13:10:26.196259+03	f	1	\N	828	\N
299	vancea_c liked your post	post_like	2025-05-29 13:12:15.167549+03	f	1	\N	828	\N
300	vancea_c liked your post	post_like	2025-05-29 13:33:25.585772+03	f	1	\N	828	\N
301	vancea_c liked your post	post_like	2025-05-29 13:34:14.525875+03	f	1	\N	828	\N
302	vancea_c liked your post	post_like	2025-05-29 13:41:28.257015+03	f	1	\N	828	\N
303	vancea_c liked your post	post_like	2025-05-29 13:41:57.757799+03	f	1	\N	828	\N
304	vancea_c liked your post	post_like	2025-05-29 13:48:05.331063+03	f	1	\N	828	\N
305	vancea_c liked your post	post_like	2025-05-29 15:22:49.597047+03	f	1	\N	828	\N
306	vancea_c liked your post	post_like	2025-05-29 15:23:15.142982+03	f	1	\N	828	\N
307	vancea_c liked your post	post_like	2025-05-29 15:38:30.467264+03	f	1	\N	828	\N
308	vancea_c liked your post	post_like	2025-05-29 17:23:40.288805+03	f	1	\N	828	\N
309	vancea_c liked your post	post_like	2025-05-29 17:23:55.092481+03	f	1	\N	828	\N
311	vancea_c liked your post	post_like	2025-05-29 17:41:54.609871+03	f	1	\N	828	\N
312	vancea_c liked your post	post_like	2025-05-29 17:45:26.626978+03	f	1	\N	828	\N
313	vancea_c liked your post	post_like	2025-05-29 17:45:44.327916+03	f	1	\N	828	\N
\.


--
-- TOC entry 5244 (class 0 OID 17476)
-- Dependencies: 245
-- Data for Name: Posts_like; Type: TABLE DATA; Schema: public; Owner: postgres
--

COPY public."Posts_like" (id, liked_at, user_id, post_id) FROM stdin;
562	2025-05-30 09:36:40.69273+03	30	831
565	2025-05-30 11:18:10.915458+03	30	828
\.


--
-- TOC entry 5242 (class 0 OID 17469)
-- Dependencies: 243
-- Data for Name: Posts_media; Type: TABLE DATA; Schema: public; Owner: postgres
--

COPY public."Posts_media" (id, file, media_type, post_id) FROM stdin;
119	post_media/cropped-0_rWgRQZj.jpg	photo	828
120	post_media/cropped-0_3JYlXDc.jpg	photo	831
\.


--
-- TOC entry 5240 (class 0 OID 17461)
-- Dependencies: 241
-- Data for Name: Posts_post; Type: TABLE DATA; Schema: public; Owner: postgres
--

COPY public."Posts_post" (id, description, created_at, author_id, parent_id, type) FROM stdin;
843	asdasddsa	2025-05-30 09:37:33.148679+03	30	831	reply
844	sdaasddsa	2025-05-30 09:37:35.057388+03	30	831	reply
847	dgfdfgfgd	2025-05-30 09:42:52.354361+03	30	828	reply
828	Buna ziua	2025-05-29 11:12:45.134452+03	1	\N	post
831	Hello	2025-05-29 11:15:26.273262+03	30	\N	post
\.


--
-- TOC entry 5223 (class 0 OID 17304)
-- Dependencies: 224
-- Data for Name: auth_group; Type: TABLE DATA; Schema: public; Owner: postgres
--

COPY public.auth_group (id, name) FROM stdin;
\.


--
-- TOC entry 5225 (class 0 OID 17312)
-- Dependencies: 226
-- Data for Name: auth_group_permissions; Type: TABLE DATA; Schema: public; Owner: postgres
--

COPY public.auth_group_permissions (id, group_id, permission_id) FROM stdin;
\.


--
-- TOC entry 5221 (class 0 OID 17298)
-- Dependencies: 222
-- Data for Name: auth_permission; Type: TABLE DATA; Schema: public; Owner: postgres
--

COPY public.auth_permission (id, name, content_type_id, codename) FROM stdin;
1	Can add log entry	1	add_logentry
2	Can change log entry	1	change_logentry
3	Can delete log entry	1	delete_logentry
4	Can view log entry	1	view_logentry
5	Can add permission	2	add_permission
6	Can change permission	2	change_permission
7	Can delete permission	2	delete_permission
8	Can view permission	2	view_permission
9	Can add group	3	add_group
10	Can change group	3	change_group
11	Can delete group	3	delete_group
12	Can view group	3	view_group
13	Can add user	4	add_user
14	Can change user	4	change_user
15	Can delete user	4	delete_user
16	Can view user	4	view_user
17	Can add content type	5	add_contenttype
18	Can change content type	5	change_contenttype
19	Can delete content type	5	delete_contenttype
20	Can view content type	5	view_contenttype
21	Can add session	6	add_session
22	Can change session	6	change_session
23	Can delete session	6	delete_session
24	Can view session	6	view_session
25	Can add profile	7	add_profile
26	Can change profile	7	change_profile
27	Can delete profile	7	delete_profile
28	Can view profile	7	view_profile
29	Can add country	8	add_country
30	Can change country	8	change_country
31	Can delete country	8	delete_country
32	Can view country	8	view_country
33	Can add region/state	9	add_region
34	Can change region/state	9	change_region
35	Can delete region/state	9	delete_region
36	Can view region/state	9	view_region
37	Can add city	10	add_city
38	Can change city	10	change_city
39	Can delete city	10	delete_city
40	Can view city	10	view_city
41	Can add SubRegion	11	add_subregion
42	Can change SubRegion	11	change_subregion
43	Can delete SubRegion	11	delete_subregion
44	Can view SubRegion	11	view_subregion
45	Can add post	12	add_post
46	Can change post	12	change_post
47	Can delete post	12	delete_post
48	Can view post	12	view_post
49	Can add media	13	add_media
50	Can change media	13	change_media
51	Can delete media	13	delete_media
52	Can view media	13	view_media
53	Can add like	14	add_like
54	Can change like	14	change_like
55	Can delete like	14	delete_like
56	Can view like	14	view_like
57	Can add comment	15	add_comment
58	Can change comment	15	change_comment
59	Can delete comment	15	delete_comment
60	Can view comment	15	view_comment
61	Can add friend request	16	add_friendrequest
62	Can change friend request	16	change_friendrequest
63	Can delete friend request	16	delete_friendrequest
64	Can view friend request	16	view_friendrequest
65	Can add notifications	17	add_notifications
66	Can change notifications	17	change_notifications
67	Can delete notifications	17	delete_notifications
68	Can view notifications	17	view_notifications
69	Can add Token	18	add_token
70	Can change Token	18	change_token
71	Can delete Token	18	delete_token
72	Can view Token	18	view_token
73	Can add Token	19	add_tokenproxy
74	Can change Token	19	change_tokenproxy
75	Can delete Token	19	delete_tokenproxy
76	Can view Token	19	view_tokenproxy
77	Can add blacklisted token	20	add_blacklistedtoken
78	Can change blacklisted token	20	change_blacklistedtoken
79	Can delete blacklisted token	20	delete_blacklistedtoken
80	Can view blacklisted token	20	view_blacklistedtoken
81	Can add outstanding token	21	add_outstandingtoken
82	Can change outstanding token	21	change_outstandingtoken
83	Can delete outstanding token	21	delete_outstandingtoken
84	Can view outstanding token	21	view_outstandingtoken
\.


--
-- TOC entry 5227 (class 0 OID 17318)
-- Dependencies: 228
-- Data for Name: auth_user; Type: TABLE DATA; Schema: public; Owner: postgres
--

COPY public.auth_user (id, password, last_login, is_superuser, username, first_name, last_name, email, is_staff, is_active, date_joined) FROM stdin;
2	pbkdf2_sha256$870000$tMI9gjPEf3HCCWWbTpdAIy$lWClB1hoUOFB9UQo+WO90LWhlFlk0fXQuie6B/MeMrA=	\N	f	irimia_penisu				f	t	2025-03-12 13:52:14.22583+02
3	pbkdf2_sha256$870000$dNLOgDwYBE2NpEUvtvipKV$xXRN27cZSQcK98MtxpZzas0F1NQkLlj5ZRB9tha4eoI=	\N	f	Claudiu				f	t	2025-03-12 17:30:49.238548+02
5	!Ol4PtO6gbgG7qo7cZhZKHefwXyTOQAiTmwPTQ5bl	\N	f	Danez				f	t	2025-04-04 13:26:09.383616+03
6	pbkdf2_sha256$870000$QqRmtjy6bW5q7ZkImrA95V$nh2nIGMm8B/aXbre2B23dbB2CqhFAJB0oUJg/c6zZGU=	\N	f	penis_de_plumb	Penisul	Cristinel	irimiapenisul007@gmail.com	f	t	2025-04-04 23:41:55.925602+03
7	pbkdf2_sha256$870000$TtdWLo1yDdeAtp4AorLGqz$Q+kGblXe2lX+V1SmkOpn41B03pfSGQqV7J7LTUy+4BQ=	\N	f	irimia_penisud	Penisul	Cristinel	irimiapenisul007@gmail.com	f	t	2025-04-05 00:20:54.890587+03
9	pbkdf2_sha256$870000$reMAf5cwvHJz4lWXWEHFD2$YQFPacmsM37HRsiB9nRp2Powz7rlVkwvcre54Xt3MlA=	\N	f	psycomedian	Claudiu	Vancea	claudiuvancea@gmail.com	f	t	2025-04-07 23:04:46.762311+03
24	pbkdf2_sha256$870000$rWYZqc4A1XNgNEzyPJHUok$IkQUFTGpN4uvDO+DAZi3dCYaCuLp9oCnGPsmCKFqVtQ=	\N	f	mihaimuramasinamare	Mihai	Mura	mihai.mura2@gmail.com	f	t	2025-04-13 14:46:13.847455+03
27	pbkdf2_sha256$870000$eXXdUD50LrBOrH09h0UyzX$mwPd3JPmoq1iFw9D8oCDrAyALzChCEKW0Oz8R/iyUt4=	\N	f	admin	Raul	Stroescu	raulstroescu12@gmail.com	f	t	2025-04-26 16:57:18.970803+03
32	pbkdf2_sha256$870000$pORKK9Y6Rcxou9Q0Ah8KMc$fUT0n+7b8iLVKcWMN9VH7IvskDH4IkhhmIqtbokkJQI=	\N	f	cristina__muraru	Cristina	Muraru	claudiuvancea4@gmail.com	f	t	2025-05-05 14:22:31.768282+03
1	pbkdf2_sha256$870000$d2t5o0LYCBh16XcDK97yev$eikBpN9f+OhzWis0nG0yAYQ0PThXcf1ugeAwqGN0KPQ=	2025-05-23 13:06:06.192247+03	t	ADMIN	Raul	Stroescu	claudiuvancea1@gmail.com	t	t	2025-03-12 13:16:04.007303+02
30	pbkdf2_sha256$870000$QThspZfMFgL8j5LesvX6Xv$IveehKqhoIvXb32H0U4HTv7ZFscRZ7xK8C85pHv67c0=	\N	f	vancea_c	Claudiu	Vancea	claudiuvancea2@gmail.com	f	t	2025-04-30 16:21:09.932218+03
\.


--
-- TOC entry 5229 (class 0 OID 17326)
-- Dependencies: 230
-- Data for Name: auth_user_groups; Type: TABLE DATA; Schema: public; Owner: postgres
--

COPY public.auth_user_groups (id, user_id, group_id) FROM stdin;
\.


--
-- TOC entry 5231 (class 0 OID 17332)
-- Dependencies: 232
-- Data for Name: auth_user_user_permissions; Type: TABLE DATA; Schema: public; Owner: postgres
--

COPY public.auth_user_user_permissions (id, user_id, permission_id) FROM stdin;
\.


--
-- TOC entry 5259 (class 0 OID 50684)
-- Dependencies: 260
-- Data for Name: authtoken_token; Type: TABLE DATA; Schema: public; Owner: postgres
--

COPY public.authtoken_token (key, created, user_id) FROM stdin;
01694ceedee016cba1a1284709a4d74117917acc	2025-04-07 13:09:02.148723+03	2
b1cadfd58786d5fdf31b663e23e21e9c9ef67f5f	2025-04-09 17:51:56.967496+03	1
31fc317755d395c65cc80dde1cae1add34541099	2025-04-13 15:00:21.643293+03	24
\.


--
-- TOC entry 5250 (class 0 OID 17607)
-- Dependencies: 251
-- Data for Name: cities_light_city; Type: TABLE DATA; Schema: public; Owner: postgres
--

COPY public.cities_light_city (id, name_ascii, slug, geoname_id, alternate_names, name, display_name, search_names, latitude, longitude, region_id, country_id, population, feature_code, timezone, subregion_id) FROM stdin;
\.


--
-- TOC entry 5246 (class 0 OID 17552)
-- Dependencies: 247
-- Data for Name: cities_light_country; Type: TABLE DATA; Schema: public; Owner: postgres
--

COPY public.cities_light_country (id, name_ascii, slug, geoname_id, alternate_names, name, code2, code3, continent, tld, phone) FROM stdin;
\.


--
-- TOC entry 5248 (class 0 OID 17568)
-- Dependencies: 249
-- Data for Name: cities_light_region; Type: TABLE DATA; Schema: public; Owner: postgres
--

COPY public.cities_light_region (id, name_ascii, slug, geoname_id, alternate_names, name, display_name, geoname_code, country_id) FROM stdin;
\.


--
-- TOC entry 5252 (class 0 OID 17645)
-- Dependencies: 253
-- Data for Name: cities_light_subregion; Type: TABLE DATA; Schema: public; Owner: postgres
--

COPY public.cities_light_subregion (id, name, name_ascii, slug, geoname_id, alternate_names, display_name, geoname_code, country_id, region_id) FROM stdin;
\.


--
-- TOC entry 5235 (class 0 OID 17405)
-- Dependencies: 236
-- Data for Name: django_admin_log; Type: TABLE DATA; Schema: public; Owner: postgres
--

COPY public.django_admin_log (id, action_time, object_id, object_repr, action_flag, change_message, content_type_id, user_id) FROM stdin;
1	2025-03-12 13:18:58.174803+02	1	(self.user.username)'s Profile	1	[{"added": {}}]	7	1
2	2025-03-12 13:24:18.665559+02	1	ADMIN's Profile	3		7	1
3	2025-03-12 13:24:37.061191+02	2	ADMIN's Profile	1	[{"added": {}}]	7	1
4	2025-03-12 13:52:14.950938+02	2	irimia_penisu	1	[{"added": {}}]	4	1
5	2025-03-12 17:26:44.451821+02	1	irimia_penisu's post on 2025-03-12 15:26:44.445255+00:00 	1	[{"added": {}}]	12	1
6	2025-03-12 17:30:50.076591+02	3	Claudiu	1	[{"added": {}}]	4	1
7	2025-03-12 17:34:44.821057+02	3	Claudiu -> irimia_penisu	1	[{"added": {}}]	16	1
8	2025-03-12 17:34:59.703853+02	3	Claudiu -> irimia_penisu	2	[{"changed": {"fields": ["Accepted"]}}]	16	1
9	2025-03-12 17:55:03.749512+02	1	Media object (1)	1	[{"added": {}}]	13	1
10	2025-03-12 18:00:01.188316+02	1	irimia_penisu's post on 2025-03-12 15:26:44.445255+00:00 	2	[{"added": {"name": "media", "object": "Media object (2)"}}, {"added": {"name": "media", "object": "Media object (3)"}}, {"added": {"name": "media", "object": "Media object (4)"}}, {"added": {"name": "media", "object": "Media object (5)"}}, {"added": {"name": "media", "object": "Media object (6)"}}, {"changed": {"name": "media", "object": "Media object (1)", "fields": ["File"]}}]	12	1
11	2025-03-12 18:07:38.896064+02	1	irimia_penisu's post on 2025-03-12 15:26:44.445255+00:00 	2	[]	12	1
12	2025-03-12 18:07:47.748695+02	1	irimia_penisu's post on 2025-03-12 15:26:44.445255+00:00 	2	[]	12	1
13	2025-03-12 18:07:52.06749+02	1	irimia_penisu's post on 2025-03-12 15:26:44.445255+00:00 	2	[]	12	1
14	2025-03-12 18:08:05.375524+02	1	irimia_penisu's post on 2025-03-12 15:26:44.445255+00:00 	2	[{"added": {"name": "media", "object": "Media object (7)"}}]	12	1
15	2025-03-13 11:28:34.946981+02	1	Claudiu's post on 2025-03-12 15:26:44.445255+00:00 	3		12	1
16	2025-03-13 11:50:09.342287+02	2	irimia_penisu's post on 2025-03-13 09:50:09.332616+00:00 	1	[{"added": {}}, {"added": {"name": "media", "object": "Media object (8)"}}]	12	1
17	2025-03-13 11:50:35.553273+02	2	irimia_penisu's post on 2025-03-13 09:50:09.332616+00:00 	2	[{"added": {"name": "media", "object": "Media object (9)"}}]	12	1
18	2025-03-13 11:51:44.798133+02	2	irimia_penisu's post on 2025-03-13 09:50:09.332616+00:00 	2	[{"deleted": {"name": "media", "object": "Media object (None)"}}, {"deleted": {"name": "media", "object": "Media object (None)"}}]	12	1
19	2025-03-13 12:23:45.977901+02	2	irimia_penisu's post on 2025-03-13 09:50:09.332616+00:00 	2	[{"added": {"name": "media", "object": "Media object (10)"}}]	12	1
20	2025-03-13 13:58:06.58548+02	3	Claudiu -> irimia_penisu	3		16	1
21	2025-03-13 13:58:12.135879+02	4	Claudiu -> irimia_penisu	1	[{"added": {}}]	16	1
22	2025-03-13 14:01:36.680137+02	5	irimia_penisu -> Claudiu	1	[{"added": {}}]	16	1
23	2025-03-13 15:50:16.173301+02	2	irimia_penisu's post on 2025-03-13 09:50:09.332616+00:00 	2	[{"added": {"name": "comment", "object": "Comment by Claudiu on Post 2"}}]	12	1
24	2025-03-13 16:09:47.730957+02	2	irimia_penisu's post on 2025-03-13 09:50:09.332616+00:00 	2	[{"added": {"name": "comment", "object": "Comment by irimia_penisu on Post 2"}}]	12	1
25	2025-03-13 16:13:34.39783+02	2	irimia_penisu's post on 2025-03-13 09:50:09.332616+00:00 	3		12	1
26	2025-03-13 16:14:01.844343+02	4	Claudiu -> irimia_penisu (pending)	3		16	1
27	2025-03-13 16:14:01.844379+02	5	irimia_penisu -> Claudiu (pending)	3		16	1
28	2025-03-13 16:19:36.402315+02	11	Notification for irimia_penisu - comment_like	3		17	1
29	2025-03-13 16:19:36.402378+02	10	Notification for Claudiu - comment_reply	3		17	1
30	2025-03-13 16:19:36.402407+02	9	Notification for Claudiu - comment_like	3		17	1
31	2025-03-13 16:19:36.402433+02	8	Notification for Claudiu - comment_like	3		17	1
32	2025-03-13 16:19:36.402456+02	7	Notification for irimia_penisu - post_comment	3		17	1
33	2025-03-13 16:19:36.402478+02	1	Notification for Claudiu - friend_request	3		17	1
34	2025-03-13 16:19:50.239731+02	6	Claudiu -> irimia_penisu (pending)	1	[{"added": {}}]	16	1
35	2025-03-13 16:20:23.691498+02	6	Claudiu -> irimia_penisu (pending)	3		16	1
36	2025-03-13 16:24:11.644474+02	12	Notification for irimia_penisu - friend_request	3		17	1
37	2025-03-13 16:24:24.628359+02	7	irimia_penisu -> Claudiu (pending)	1	[{"added": {}}]	16	1
38	2025-03-13 16:24:36.12008+02	7	irimia_penisu -> Claudiu (pending)	3		16	1
39	2025-03-13 16:26:56.047299+02	13	Notification for Claudiu - friend_request	3		17	1
40	2025-03-13 16:27:09.559499+02	8	Claudiu -> irimia_penisu (pending)	1	[{"added": {}}]	16	1
41	2025-03-13 16:27:30.006738+02	8	Claudiu -> irimia_penisu (pending)	3		16	1
42	2025-03-13 16:31:06.396694+02	14	Notification for irimia_penisu - friend_request	3		17	1
43	2025-03-13 16:31:13.031106+02	9	Claudiu -> irimia_penisu (pending)	1	[{"added": {}}]	16	1
44	2025-03-13 16:31:21.507852+02	9	Claudiu -> irimia_penisu (pending)	3		16	1
45	2025-03-13 16:35:29.583158+02	3	ADMIN's post on 2025-03-13 14:35:29.571816+00:00 	1	[{"added": {}}]	12	1
46	2025-03-13 16:38:53.45656+02	3	ADMIN's post on 2025-03-13 14:35:29.571816+00:00 	2	[{"added": {"name": "comment", "object": "Comment by Claudiu on Post 3"}}]	12	1
47	2025-03-13 16:39:33.449188+02	3	ADMIN's post on 2025-03-13 14:35:29.571816+00:00 	2	[{"changed": {"name": "comment", "object": "Comment by Claudiu on Post 3", "fields": ["Likes"]}}]	12	1
48	2025-03-13 16:41:11.54445+02	3	ADMIN's post on 2025-03-13 14:35:29.571816+00:00 	2	[{"changed": {"name": "comment", "object": "Comment by Claudiu on Post 3", "fields": ["Likes"]}}]	12	1
49	2025-03-13 16:52:15.601445+02	3	ADMIN's post on 2025-03-13 14:35:29.571816+00:00 	2	[{"added": {"name": "comment", "object": "Comment by irimia_penisu on Post 3"}}]	12	1
50	2025-03-13 16:53:27.880771+02	3	ADMIN's post on 2025-03-13 14:35:29.571816+00:00 	2	[{"added": {"name": "like", "object": "Claudiu liked Post 3"}}]	12	1
51	2025-03-13 16:59:47.239679+02	3	ADMIN's post on 2025-03-13 14:35:29.571816+00:00 	2	[{"deleted": {"name": "comment", "object": "Comment by irimia_penisu on Post 3"}}]	12	1
52	2025-03-13 17:00:09.95613+02	3	ADMIN's post on 2025-03-13 14:35:29.571816+00:00 	2	[{"added": {"name": "comment", "object": "Comment by irimia_penisu on Post 3"}}]	12	1
53	2025-03-13 17:00:54.84924+02	3	ADMIN's post on 2025-03-13 14:35:29.571816+00:00 	3		12	1
54	2025-03-13 17:11:10.393706+02	17	Notification for Claudiu - comment_like	3		17	1
55	2025-03-13 17:11:40.58352+02	4	Claudiu's post on 2025-03-13 15:11:40.569517+00:00 	1	[{"added": {}}, {"added": {"name": "comment", "object": "Comment by irimia_penisu on Post 4"}}]	12	1
56	2025-03-13 17:12:04.648805+02	4	Claudiu's post on 2025-03-13 15:11:40.569517+00:00 	3		12	1
57	2025-03-13 17:12:59.675941+02	5	Claudiu's post on 2025-03-13 15:12:59.660678+00:00 	1	[{"added": {}}, {"added": {"name": "comment", "object": "Comment by ADMIN on Post 5"}}, {"added": {"name": "comment", "object": "Comment by irimia_penisu on Post 5"}}]	12	1
134	2025-05-13 23:20:56.066462+03	104	vancea_c posted on 2025-05-12 11:36	3		12	1
135	2025-05-13 23:20:56.066476+03	103	vancea_c quoted #92: fwefwefwfew…	3		12	1
58	2025-03-13 17:13:21.461236+02	5	Claudiu's post on 2025-03-13 15:12:59.660678+00:00 	2	[{"added": {"name": "comment", "object": "Comment by ADMIN on Post 5"}}, {"added": {"name": "like", "object": "Claudiu liked Post 5"}}]	12	1
59	2025-03-13 17:14:34.716983+02	5	Claudiu's post on 2025-03-13 15:12:59.660678+00:00 	2	[{"added": {"name": "like", "object": "Claudiu liked Post 5"}}]	12	1
60	2025-03-13 17:14:57.43675+02	5	Claudiu's post on 2025-03-13 15:12:59.660678+00:00 	3		12	1
61	2025-03-13 17:15:40.786948+02	6	Claudiu's post on 2025-03-13 15:15:40.777087+00:00 	1	[{"added": {}}, {"added": {"name": "like", "object": "ADMIN liked Post 6"}}]	12	1
62	2025-03-13 17:20:28.648607+02	6	Claudiu's post on 2025-03-13 15:15:40.777087+00:00 	2	[{"added": {"name": "like", "object": "Claudiu liked Post 6"}}]	12	1
63	2025-03-13 17:20:36.066698+02	6	Claudiu's post on 2025-03-13 15:15:40.777087+00:00 	2	[{"added": {"name": "like", "object": "irimia_penisu liked Post 6"}}]	12	1
64	2025-03-13 17:26:06.911011+02	6	Claudiu's post on 2025-03-13 15:15:40.777087+00:00 	3		12	1
65	2025-03-15 18:29:18.982421+02	10	Claudiu -> irimia_penisu (pending)	1	[{"added": {}}]	16	1
66	2025-03-15 18:30:06.881296+02	7	Claudiu's post on 2025-03-15 16:30:06.855526+00:00 	1	[{"added": {}}, {"added": {"name": "comment", "object": "Comment by irimia_penisu on Post 7"}}, {"added": {"name": "like", "object": "ADMIN liked Post 7"}}]	12	1
67	2025-03-18 13:00:37.938689+02	11	ADMIN -> ADMIN (pending)	1	[{"added": {}}]	16	1
68	2025-03-18 13:06:35.459068+02	12	Claudiu -> irimia_penisu (pending)	1	[{"added": {}}]	16	1
69	2025-03-18 13:36:51.083988+02	10	Claudiu -> irimia_penisu (accepted)	2	[{"changed": {"fields": ["Status"]}}]	16	1
70	2025-03-18 13:37:03.971977+02	8	Claudiu's post on 2025-03-18 11:37:03.963635+00:00 	1	[{"added": {}}]	12	1
71	2025-03-18 13:39:02.792722+02	4	Claudiu's Profile	2	[{"changed": {"fields": ["Friends"]}}]	7	1
72	2025-03-18 14:13:10.092846+02	17	irimia_penisu's post on 2025-03-18 12:13:10.080592+00:00 	1	[{"added": {}}]	12	1
73	2025-03-18 16:26:44.409595+02	4	Claudiu's Profile	2	[{"changed": {"fields": ["Friends"]}}]	7	1
74	2025-03-18 16:27:06.79639+02	4	Claudiu's Profile	2	[{"changed": {"fields": ["Friends"]}}]	7	1
75	2025-03-18 16:27:53.789512+02	4	Claudiu's Profile	2	[{"changed": {"fields": ["Friends"]}}]	7	1
76	2025-03-18 16:40:33.27888+02	4	Raul_Str	1	[{"added": {}}]	4	1
77	2025-03-18 16:43:27.627663+02	6	Raul_Str's Profile	2	[{"changed": {"fields": ["Friends"]}}]	7	1
78	2025-04-04 13:26:09.396957+03	5	Danez	1	[{"added": {}}]	4	1
79	2025-04-04 15:02:46.7907+03	11	ADMIN -> ADMIN (pending)	3		16	1
80	2025-04-04 15:04:02.704527+03	13	Claudiu -> Danez (pending)	1	[{"added": {}}]	16	1
81	2025-04-04 15:04:39.304427+03	13	Claudiu -> Danez (accepted)	2	[{"changed": {"fields": ["Status"]}}]	16	1
82	2025-04-07 22:43:51.424164+03	8	TheR1pppppeR	3		4	1
83	2025-04-07 23:08:03.518581+03	10	vancea_c	3		4	1
84	2025-04-07 23:13:40.797264+03	11	vancea_c	3		4	1
85	2025-04-07 23:21:34.194849+03	12	vancea_c	3		4	1
86	2025-04-07 23:38:46.955451+03	13	vancea_c	3		4	1
87	2025-04-08 11:09:52.994919+03	14	vancea_c	3		4	1
88	2025-04-08 11:26:32.698614+03	15	vancea_c	3		4	1
89	2025-04-08 22:05:49.448609+03	16	vancea_c	3		4	1
90	2025-04-08 22:16:33.686631+03	17	vancea_c	3		4	1
91	2025-04-08 22:18:12.574516+03	18	vancea_c	3		4	1
92	2025-04-11 10:15:08.974014+03	19	vancea_c	3		4	1
93	2025-04-11 11:05:44.114713+03	20	vancea_c	3		4	1
94	2025-04-11 11:08:51.130264+03	21	vancea_c	3		4	1
95	2025-04-11 12:46:37.128056+03	23	admin	3		4	1
96	2025-04-11 12:46:49.073577+03	4	Raul_Str	3		4	1
97	2025-04-11 12:46:49.073631+03	22	vancea_c	3		4	1
98	2025-04-13 15:18:07.125221+03	14	mihaimuramasinamare -> Claudiu (pending)	1	[{"added": {}}]	16	1
99	2025-04-13 15:18:34.988851+03	14	mihaimuramasinamare -> Claudiu (accepted)	2	[{"changed": {"fields": ["Status"]}}]	16	1
100	2025-04-13 15:19:00.549127+03	14	mihaimuramasinamare -> Claudiu (accepted)	2	[]	16	1
101	2025-04-13 15:19:14.185694+03	26	mihaimuramasinamare's Profile	2	[{"changed": {"fields": ["Friends"]}}]	7	1
102	2025-04-13 15:19:44.046593+03	18	mihaimuramasinamare's post on 2025-04-13 12:19:44.034438+00:00 	1	[{"added": {}}]	12	1
103	2025-04-13 15:20:13.651825+03	18	mihaimuramasinamare's post on 2025-04-13 12:19:44.034438+00:00 	2	[{"added": {"name": "like", "object": "Claudiu liked Post 18"}}]	12	1
104	2025-04-13 15:20:56.384054+03	18	mihaimuramasinamare's post on 2025-04-13 12:19:44.034438+00:00 	2	[{"added": {"name": "comment", "object": "Comment by Claudiu on Post 18"}}]	12	1
105	2025-04-26 16:35:06.798535+03	25	admin	3		4	1
106	2025-04-28 14:02:20.959567+03	26	vancea_c	3		4	1
107	2025-04-30 16:15:35.020045+03	28	vancea_c	3		4	1
108	2025-04-30 16:20:50.371443+03	29	vancea_c	3		4	1
109	2025-05-01 08:30:20.252989+03	32	vancea_c's Profile	2	[{"changed": {"fields": ["Profile image"]}}]	7	1
110	2025-05-05 14:21:05.708734+03	31	cristina__muraru	3		4	1
111	2025-05-05 20:55:41.580338+03	29	vancea_c posted on 2025-05-05 17:54	3		12	1
112	2025-05-05 20:55:41.580381+03	28	vancea_c posted on 2025-05-05 17:54	3		12	1
113	2025-05-05 20:55:41.580409+03	27	vancea_c posted on 2025-05-05 17:54	3		12	1
114	2025-05-05 20:55:41.580435+03	26	vancea_c posted on 2025-05-05 10:39	3		12	1
115	2025-05-05 20:55:41.58046+03	25	vancea_c posted on 2025-05-05 09:40	3		12	1
116	2025-05-05 20:55:41.580484+03	24	vancea_c posted on 2025-05-05 09:12	3		12	1
117	2025-05-05 20:55:41.580508+03	23	vancea_c posted on 2025-05-05 09:12	3		12	1
118	2025-05-05 20:55:41.580531+03	22	vancea_c posted on 2025-05-04 17:55	3		12	1
119	2025-05-05 20:55:41.580553+03	21	vancea_c posted on 2025-05-04 17:29	3		12	1
120	2025-05-05 20:55:41.580576+03	20	vancea_c posted on 2025-05-04 17:28	3		12	1
121	2025-05-05 20:55:41.580599+03	19	vancea_c posted on 2025-05-04 17:28	3		12	1
122	2025-05-05 20:55:41.580622+03	18	mihaimuramasinamare posted on 2025-04-13 12:19	3		12	1
123	2025-05-05 20:55:41.580643+03	17	irimia_penisu posted on 2025-03-18 12:13	3		12	1
124	2025-05-05 20:55:41.580665+03	8	Claudiu posted on 2025-03-18 11:37	3		12	1
125	2025-05-05 20:55:41.580687+03	7	Claudiu posted on 2025-03-15 16:30	3		12	1
126	2025-05-13 23:20:56.066247+03	131	vancea_c reposted #128	3		12	1
127	2025-05-13 23:20:56.066315+03	128	vancea_c posted on 2025-05-13 20:02	3		12	1
128	2025-05-13 23:20:56.066337+03	127	vancea_c reposted #117	3		12	1
129	2025-05-13 23:20:56.066356+03	126	vancea_c quoted #117: weEwfeWef…	3		12	1
130	2025-05-13 23:20:56.066383+03	117	vancea_c posted on 2025-05-13 06:15	3		12	1
131	2025-05-13 23:20:56.066408+03	116	vancea_c posted on 2025-05-12 12:25	3		12	1
132	2025-05-13 23:20:56.066429+03	115	vancea_c posted on 2025-05-12 12:25	3		12	1
133	2025-05-13 23:20:56.066443+03	114	vancea_c reposted #104	3		12	1
136	2025-05-13 23:20:56.066489+03	102	vancea_c reposted #92	3		12	1
137	2025-05-13 23:20:56.066507+03	101	vancea_c posted on 2025-05-12 10:47	3		12	1
138	2025-05-13 23:20:56.06652+03	100	vancea_c quoted #94: uiuui…	3		12	1
139	2025-05-13 23:20:56.066533+03	94	vancea_c quoted #92: dfffff…	3		12	1
140	2025-05-13 23:20:56.066551+03	92	vancea_c posted on 2025-05-12 08:24	3		12	1
141	2025-05-13 23:20:56.066564+03	91	vancea_c reposted #44	3		12	1
142	2025-05-13 23:20:56.066577+03	86	vancea_c quoted #84: ergege…	3		12	1
143	2025-05-13 23:20:56.06659+03	85	vancea_c quoted #84: sdfsfsfsfdssd…	3		12	1
144	2025-05-13 23:20:56.066608+03	84	vancea_c posted on 2025-05-11 17:59	3		12	1
145	2025-05-13 23:20:56.066625+03	83	vancea_c posted on 2025-05-11 17:35	3		12	1
146	2025-05-13 23:20:56.066638+03	82	vancea_c quoted #63: sdfsfsdfs…	3		12	1
147	2025-05-13 23:20:56.066655+03	81	vancea_c reposted #80	3		12	1
148	2025-05-13 23:20:56.066667+03	80	vancea_c reposted #63	3		12	1
149	2025-05-13 23:20:56.066679+03	78	vancea_c reposted #52	3		12	1
150	2025-05-13 23:20:56.066691+03	77	vancea_c reposted #52	3		12	1
151	2025-05-13 23:20:56.066703+03	76	vancea_c reposted #52	3		12	1
152	2025-05-13 23:20:56.066715+03	75	vancea_c reposted #53	3		12	1
153	2025-05-13 23:20:56.066727+03	74	vancea_c reposted #54	3		12	1
154	2025-05-13 23:20:56.066739+03	73	vancea_c reposted #55	3		12	1
155	2025-05-13 23:20:56.06675+03	72	vancea_c reposted #55	3		12	1
156	2025-05-13 23:20:56.066762+03	71	vancea_c reposted #59	3		12	1
157	2025-05-13 23:20:56.066774+03	70	vancea_c reposted #56	3		12	1
158	2025-05-13 23:20:56.066785+03	69	vancea_c reposted #59	3		12	1
159	2025-05-13 23:20:56.066797+03	68	vancea_c reposted #56	3		12	1
160	2025-05-13 23:20:56.066809+03	67	vancea_c reposted #58	3		12	1
161	2025-05-13 23:20:56.066821+03	66	vancea_c reposted #56	3		12	1
162	2025-05-13 23:20:56.066832+03	65	vancea_c reposted #58	3		12	1
163	2025-05-13 23:20:56.066844+03	64	vancea_c reposted #57	3		12	1
164	2025-05-13 23:20:56.066858+03	63	vancea_c reposted #58	3		12	1
165	2025-05-13 23:20:56.066878+03	62	vancea_c reposted #58	3		12	1
166	2025-05-13 23:20:56.06689+03	61	vancea_c reposted #58	3		12	1
167	2025-05-13 23:20:56.066902+03	60	vancea_c reposted #57	3		12	1
168	2025-05-13 23:20:56.066914+03	59	vancea_c reposted #56	3		12	1
169	2025-05-13 23:20:56.066926+03	58	vancea_c reposted #57	3		12	1
170	2025-05-13 23:20:56.066954+03	57	vancea_c posted on 2025-05-09 12:24	3		12	1
171	2025-05-13 23:20:56.066995+03	56	vancea_c posted on 2025-05-09 12:24	3		12	1
172	2025-05-13 23:20:56.067017+03	55	vancea_c posted on 2025-05-09 12:22	3		12	1
173	2025-05-13 23:20:56.067038+03	54	vancea_c posted on 2025-05-08 21:40	3		12	1
174	2025-05-13 23:20:56.067056+03	53	vancea_c posted on 2025-05-08 20:49	3		12	1
175	2025-05-13 23:20:56.067074+03	52	vancea_c posted on 2025-05-08 20:49	3		12	1
176	2025-05-13 23:20:56.067108+03	51	vancea_c posted on 2025-05-08 20:49	3		12	1
177	2025-05-13 23:20:56.067128+03	50	vancea_c posted on 2025-05-08 20:47	3		12	1
178	2025-05-13 23:20:56.067147+03	49	vancea_c posted on 2025-05-08 20:45	3		12	1
179	2025-05-13 23:20:56.067165+03	48	vancea_c posted on 2025-05-08 15:33	3		12	1
180	2025-05-13 23:20:56.067183+03	47	vancea_c posted on 2025-05-08 13:36	3		12	1
181	2025-05-13 23:20:56.067202+03	46	vancea_c posted on 2025-05-07 17:47	3		12	1
182	2025-05-13 23:20:56.067219+03	45	vancea_c posted on 2025-05-07 12:19	3		12	1
183	2025-05-13 23:20:56.067237+03	44	vancea_c posted on 2025-05-07 12:15	3		12	1
184	2025-05-13 23:20:56.067255+03	43	vancea_c posted on 2025-05-07 12:14	3		12	1
185	2025-05-13 23:20:56.067272+03	42	vancea_c posted on 2025-05-07 12:13	3		12	1
186	2025-05-13 23:20:56.067298+03	41	vancea_c posted on 2025-05-06 20:33	3		12	1
187	2025-05-13 23:20:56.067318+03	40	vancea_c posted on 2025-05-06 20:10	3		12	1
188	2025-05-13 23:20:56.067337+03	39	vancea_c posted on 2025-05-06 14:14	3		12	1
189	2025-05-13 23:20:56.067355+03	38	vancea_c posted on 2025-05-06 14:14	3		12	1
190	2025-05-13 23:20:56.067373+03	37	vancea_c posted on 2025-05-06 11:05	3		12	1
191	2025-05-13 23:20:56.067391+03	36	vancea_c posted on 2025-05-05 18:15	3		12	1
192	2025-05-13 23:20:56.067432+03	35	vancea_c posted on 2025-05-05 18:11	3		12	1
193	2025-05-13 23:20:56.067458+03	34	vancea_c posted on 2025-05-05 18:02	3		12	1
194	2025-05-13 23:20:56.067478+03	33	vancea_c posted on 2025-05-05 18:00	3		12	1
195	2025-05-13 23:20:56.067497+03	32	vancea_c posted on 2025-05-05 17:58	3		12	1
196	2025-05-13 23:20:56.067519+03	31	vancea_c posted on 2025-05-05 17:56	3		12	1
197	2025-05-13 23:20:56.06755+03	30	vancea_c posted on 2025-05-05 17:55	3		12	1
198	2025-05-14 11:33:34.24581+03	163	vancea_c reposted #132	3		12	1
199	2025-05-14 11:33:34.245895+03	157	vancea_c posted on 2025-05-14 08:32	3		12	1
200	2025-05-14 11:33:34.245938+03	156	vancea_c posted on 2025-05-14 08:32	3		12	1
201	2025-05-14 11:33:34.245978+03	155	vancea_c posted on 2025-05-14 08:32	3		12	1
202	2025-05-14 11:33:34.246025+03	154	vancea_c posted on 2025-05-14 08:32	3		12	1
203	2025-05-14 11:33:34.24606+03	153	vancea_c posted on 2025-05-14 08:32	3		12	1
204	2025-05-14 11:33:34.24609+03	152	vancea_c posted on 2025-05-14 08:32	3		12	1
205	2025-05-14 11:33:34.246116+03	144	vancea_c posted on 2025-05-14 08:23	3		12	1
206	2025-05-14 11:33:34.246141+03	132	vancea_c posted on 2025-05-13 20:22	3		12	1
207	2025-05-14 19:42:58.240917+03	197	vancea_c reposted #164	3		12	1
208	2025-05-14 19:42:58.240997+03	195	vancea_c posted on 2025-05-14 16:30	3		12	1
209	2025-05-14 19:42:58.241037+03	189	vancea_c posted on 2025-05-14 10:33	3		12	1
210	2025-05-14 19:42:58.241074+03	166	vancea_c posted on 2025-05-14 09:19	3		12	1
211	2025-05-14 19:42:58.241109+03	164	vancea_c posted on 2025-05-14 08:33	3		12	1
212	2025-05-17 13:54:23.52544+03	209	ADMIN posted on 2025-05-17 10:54	1	[{"added": {}}]	12	1
213	2025-05-17 13:54:58.99014+03	210	Claudiu quoted #198: jjjj…	1	[{"added": {}}]	12	1
214	2025-05-17 13:55:27.61113+03	211	Claudiu replied to #204	1	[{"added": {}}]	12	1
215	2025-05-17 15:07:01.509875+03	211	Claudiu replied to #204	3		12	1
216	2025-05-17 15:07:01.509912+03	210	Claudiu quoted #198: jjjj…	3		12	1
217	2025-05-17 15:07:01.509942+03	209	ADMIN posted on 2025-05-17 10:54	3		12	1
218	2025-05-17 15:07:01.50996+03	207	vancea_c reposted #206	3		12	1
219	2025-05-17 15:07:01.509984+03	206	vancea_c posted on 2025-05-14 19:55	3		12	1
220	2025-05-17 15:07:01.510008+03	205	vancea_c posted on 2025-05-14 19:55	3		12	1
221	2025-05-17 15:07:01.51003+03	204	vancea_c posted on 2025-05-14 19:54	3		12	1
222	2025-05-17 15:07:01.510046+03	203	vancea_c reposted #198	3		12	1
223	2025-05-17 15:07:01.510068+03	198	vancea_c posted on 2025-05-14 16:43	3		12	1
224	2025-05-17 15:29:00.097998+03	217	vancea_c replied to #212	3		12	1
225	2025-05-17 15:29:00.098042+03	216	vancea_c quoted #212: sfddsdfsfsdsdfsdf…	3		12	1
226	2025-05-17 15:29:00.09807+03	215	vancea_c replied to #212	3		12	1
227	2025-05-17 15:29:00.098097+03	214	vancea_c reposted #212	3		12	1
228	2025-05-17 15:29:00.098123+03	213	vancea_c replied to #212	3		12	1
229	2025-05-17 15:29:00.098157+03	212	vancea_c posted on 2025-05-17 12:07	3		12	1
230	2025-05-18 09:02:30.772304+03	241	vancea_c quoted #218: ddddd…	3		12	1
231	2025-05-18 09:02:30.772345+03	231	vancea_c quoted #218: huiiguy…	3		12	1
232	2025-05-18 09:02:30.772364+03	228	vancea_c replied to #218	3		12	1
233	2025-05-18 09:02:30.77238+03	227	vancea_c replied to #218	3		12	1
234	2025-05-18 09:02:30.772394+03	226	vancea_c quoted #218: sddfsdsfd…	3		12	1
235	2025-05-18 09:02:30.772473+03	225	vancea_c posted on 2025-05-17 13:05	3		12	1
236	2025-05-18 09:02:30.772496+03	224	vancea_c posted on 2025-05-17 13:05	3		12	1
237	2025-05-18 09:02:30.77251+03	223	vancea_c quoted #218: wreewrwrewer…	3		12	1
238	2025-05-18 09:02:30.772523+03	222	vancea_c replied to #218	3		12	1
239	2025-05-18 09:02:30.772536+03	221	vancea_c replied to #219	3		12	1
240	2025-05-18 09:02:30.772549+03	219	vancea_c replied to #218	3		12	1
241	2025-05-18 09:02:30.772568+03	218	vancea_c posted on 2025-05-17 12:29	3		12	1
242	2025-05-18 11:25:50.942483+03	264	vancea_c quoted #263: dsfdsfds…	3		12	1
243	2025-05-18 11:25:50.942559+03	263	vancea_c posted on 2025-05-18 06:50	3		12	1
244	2025-05-18 11:25:50.942626+03	262	vancea_c posted on 2025-05-18 06:50	3		12	1
245	2025-05-18 11:25:50.942685+03	259	vancea_c posted on 2025-05-18 06:48	3		12	1
246	2025-05-18 11:25:50.942718+03	257	vancea_c posted on 2025-05-18 06:44	3		12	1
247	2025-05-18 11:25:50.942748+03	256	vancea_c posted on 2025-05-18 06:44	3		12	1
248	2025-05-18 11:25:50.942776+03	242	vancea_c posted on 2025-05-18 06:02	3		12	1
249	2025-05-18 13:13:30.797346+03	288	vancea_c replied to #265	3		12	1
250	2025-05-18 13:13:30.797392+03	286	vancea_c replied to #265	3		12	1
251	2025-05-18 13:13:30.797435+03	284	vancea_c replied to #265	3		12	1
252	2025-05-18 13:13:30.797475+03	282	vancea_c replied to #265	3		12	1
253	2025-05-18 13:13:30.7975+03	279	vancea_c replied to #265	3		12	1
254	2025-05-18 13:13:30.797532+03	277	vancea_c replied to #265	3		12	1
255	2025-05-18 13:13:30.797562+03	276	vancea_c replied to #265	3		12	1
256	2025-05-18 13:13:30.797582+03	275	vancea_c replied to #265	3		12	1
257	2025-05-18 13:13:30.7976+03	273	vancea_c replied to #265	3		12	1
258	2025-05-18 13:13:30.797649+03	271	vancea_c replied to #265	3		12	1
259	2025-05-18 13:13:30.797706+03	265	vancea_c posted on 2025-05-18 08:26	3		12	1
260	2025-05-18 21:24:24.665981+03	298	vancea_c posted on 2025-05-18 18:23	3		12	1
261	2025-05-18 21:24:24.666043+03	297	vancea_c posted on 2025-05-18 18:23	3		12	1
262	2025-05-18 21:24:24.666065+03	296	vancea_c reposted #294	3		12	1
263	2025-05-18 21:24:24.666084+03	295	vancea_c replied to #294	3		12	1
264	2025-05-18 21:24:24.666108+03	294	vancea_c posted on 2025-05-18 10:14	3		12	1
265	2025-05-18 21:50:04.637685+03	305	vancea_c reposted #299	3		12	1
266	2025-05-18 21:50:04.637724+03	304	vancea_c reposted #300	3		12	1
267	2025-05-18 21:50:04.637746+03	303	vancea_c replied to #300	3		12	1
268	2025-05-18 21:50:04.637774+03	300	vancea_c posted on 2025-05-18 18:24	3		12	1
269	2025-05-18 21:50:04.637798+03	299	vancea_c posted on 2025-05-18 18:24	3		12	1
270	2025-05-19 09:55:09.847364+03	310	vancea_c reposted #306	3		12	1
271	2025-05-19 09:55:09.847416+03	308	vancea_c posted on 2025-05-18 18:56	3		12	1
272	2025-05-19 09:55:09.847442+03	306	vancea_c posted on 2025-05-18 18:50	3		12	1
273	2025-05-19 10:01:14.139204+03	311	vancea_c posted on 2025-05-19 06:57	3		12	1
274	2025-05-19 10:19:27.92659+03	313	vancea_c posted on 2025-05-19 07:11	3		12	1
275	2025-05-19 10:19:27.926635+03	312	vancea_c posted on 2025-05-19 07:01	3		12	1
276	2025-05-19 11:03:44.602135+03	317	vancea_c posted on 2025-05-19 08:03	3		12	1
277	2025-05-19 11:03:44.602187+03	316	vancea_c posted on 2025-05-19 08:03	3		12	1
278	2025-05-19 11:03:44.602212+03	315	vancea_c posted on 2025-05-19 07:28	3		12	1
279	2025-05-19 11:03:44.602239+03	314	vancea_c posted on 2025-05-19 07:19	3		12	1
280	2025-05-19 11:19:38.445639+03	333	vancea_c posted on 2025-05-19 08:17	3		12	1
281	2025-05-19 11:19:38.445684+03	332	vancea_c posted on 2025-05-19 08:17	3		12	1
282	2025-05-19 11:19:38.445705+03	331	vancea_c quoted #330: fsdfdssfd…	3		12	1
283	2025-05-19 11:19:38.445723+03	330	vancea_c quoted #325: sdffsdsdf…	3		12	1
284	2025-05-19 11:19:38.44574+03	329	vancea_c replied to #327	3		12	1
285	2025-05-19 11:19:38.445757+03	328	vancea_c reposted #327	3		12	1
286	2025-05-19 11:19:38.445791+03	327	vancea_c posted on 2025-05-19 08:12	3		12	1
287	2025-05-19 11:19:38.445813+03	325	vancea_c posted on 2025-05-19 08:12	3		12	1
288	2025-05-19 11:19:38.445832+03	324	vancea_c posted on 2025-05-19 08:10	3		12	1
289	2025-05-19 11:19:38.44585+03	322	vancea_c posted on 2025-05-19 08:08	3		12	1
290	2025-05-19 11:19:38.445867+03	321	vancea_c posted on 2025-05-19 08:08	3		12	1
291	2025-05-19 11:19:38.445883+03	320	vancea_c posted on 2025-05-19 08:04	3		12	1
292	2025-05-19 11:19:38.445899+03	319	vancea_c posted on 2025-05-19 08:03	3		12	1
293	2025-05-19 11:19:38.445915+03	318	vancea_c posted on 2025-05-19 08:03	3		12	1
294	2025-05-19 11:48:01.269739+03	342	vancea_c quoted #335: rwewer…	3		12	1
295	2025-05-19 11:48:01.269778+03	341	vancea_c replied to #340	3		12	1
296	2025-05-19 11:48:01.269802+03	340	vancea_c quoted #338: sdfsdf…	3		12	1
297	2025-05-19 11:48:01.269823+03	339	vancea_c quoted #338: sfddfsfsd…	3		12	1
298	2025-05-19 11:48:01.26985+03	338	vancea_c posted on 2025-05-19 08:22	3		12	1
299	2025-05-19 11:48:01.269876+03	337	vancea_c posted on 2025-05-19 08:22	3		12	1
300	2025-05-19 11:48:01.269902+03	335	vancea_c posted on 2025-05-19 08:19	3		12	1
301	2025-05-19 11:48:01.269927+03	334	vancea_c posted on 2025-05-19 08:19	3		12	1
302	2025-05-19 13:16:55.801185+03	346	vancea_c quoted #345: dfsfdsdf…	3		12	1
303	2025-05-19 13:16:55.801227+03	345	vancea_c quoted #344: asdsdasda…	3		12	1
304	2025-05-19 13:16:55.801315+03	344	vancea_c posted on 2025-05-19 08:48	3		12	1
305	2025-05-19 13:23:32.355388+03	353	vancea_c quoted #352: adsasdasd…	3		12	1
306	2025-05-19 13:23:32.355435+03	352	vancea_c quoted #348: sddsf…	3		12	1
307	2025-05-19 13:23:32.355466+03	351	vancea_c quoted #349: hiouhioup…	3		12	1
308	2025-05-19 13:23:32.355495+03	350	vancea_c quoted #349: h89o0uiu…	3		12	1
309	2025-05-19 13:23:32.355532+03	349	vancea_c posted on 2025-05-19 10:18	3		12	1
310	2025-05-19 13:23:32.35556+03	348	vancea_c quoted #347: dfgdgdgfgdf…	3		12	1
311	2025-05-19 13:23:32.355592+03	347	vancea_c posted on 2025-05-19 10:17	3		12	1
312	2025-05-19 13:44:38.171711+03	359	vancea_c reposted #354	3		12	1
313	2025-05-19 13:44:38.171775+03	358	vancea_c quoted #355: wererwerw…	3		12	1
314	2025-05-19 13:44:38.171822+03	357	vancea_c quoted #354: 12312343w…	3		12	1
315	2025-05-19 13:44:38.171868+03	356	vancea_c quoted #354: sfdfsdfsdfsd…	3		12	1
316	2025-05-19 13:44:38.171913+03	355	vancea_c quoted #354: sfdsdffsd…	3		12	1
317	2025-05-19 13:44:38.171972+03	354	vancea_c posted on 2025-05-19 10:25	3		12	1
318	2025-05-19 14:12:58.978518+03	373	vancea_c quoted #360: fdssdfdfs…	3		12	1
319	2025-05-19 14:12:58.97856+03	366	vancea_c quoted #360: qwewqqw…	3		12	1
320	2025-05-19 14:12:58.978584+03	363	vancea_c quoted #360: rewer…	3		12	1
321	2025-05-19 14:12:58.978604+03	362	vancea_c quoted #360: wwerwerwer…	3		12	1
322	2025-05-19 14:12:58.978635+03	360	vancea_c posted on 2025-05-19 10:44	3		12	1
323	2025-05-19 14:39:48.850504+03	389	vancea_c reposted #375	3		12	1
324	2025-05-19 14:39:48.850545+03	387	vancea_c quoted #375: sss…	3		12	1
325	2025-05-19 14:39:48.850569+03	385	vancea_c quoted #375: addsaas…	3		12	1
326	2025-05-19 14:39:48.850592+03	384	vancea_c quoted #375: werwrew…	3		12	1
327	2025-05-19 14:39:48.850622+03	383	vancea_c quoted #375: wererwerwrew…	3		12	1
328	2025-05-19 14:39:48.850648+03	382	vancea_c quoted #375: wqereqwewrw…	3		12	1
329	2025-05-19 14:39:48.850668+03	381	vancea_c quoted #375: retewreww…	3		12	1
330	2025-05-19 14:39:48.850687+03	379	vancea_c quoted #375: asdfasdfasf…	3		12	1
331	2025-05-19 14:39:48.850705+03	376	vancea_c quoted #375: sadfsfsfs…	3		12	1
332	2025-05-19 14:39:48.850747+03	375	vancea_c posted on 2025-05-19 11:13	3		12	1
333	2025-05-19 14:47:48.085864+03	401	vancea_c quoted #390: 123…	3		12	1
334	2025-05-19 14:47:48.085911+03	400	vancea_c quoted #390: sdfdsfdsfds…	3		12	1
335	2025-05-19 14:47:48.085942+03	399	vancea_c quoted #390: fsddfsdsfdsfdfs…	3		12	1
336	2025-05-19 14:47:48.08597+03	398	vancea_c reposted #390	3		12	1
337	2025-05-19 14:47:48.085998+03	393	vancea_c quoted #390: sddsds…	3		12	1
338	2025-05-19 14:47:48.086034+03	391	vancea_c posted on 2025-05-19 11:39	3		12	1
339	2025-05-19 14:47:48.086074+03	390	vancea_c posted on 2025-05-19 11:39	3		12	1
340	2025-05-19 15:50:40.850596+03	412	vancea_c reposted #411	3		12	1
341	2025-05-19 15:50:40.850639+03	411	vancea_c quoted #410	3		12	1
342	2025-05-19 15:50:40.850658+03	410	vancea_c quoted #409	3		12	1
343	2025-05-19 15:50:40.850673+03	409	vancea_c quoted #407	3		12	1
344	2025-05-19 15:50:40.850687+03	407	vancea_c quoted #405	3		12	1
345	2025-05-19 15:50:40.850701+03	406	vancea_c quoted #405	3		12	1
346	2025-05-19 15:50:40.850714+03	405	vancea_c quoted #402: 54321…	3		12	1
347	2025-05-19 15:50:40.850727+03	404	vancea_c quoted #402: 4321…	3		12	1
348	2025-05-19 15:50:40.850739+03	403	vancea_c quoted #402: 321…	3		12	1
349	2025-05-19 15:50:40.850773+03	402	vancea_c posted on 2025-05-19 11:48	3		12	1
350	2025-05-19 16:38:31.142693+03	419	vancea_c replied to #413	3		12	1
351	2025-05-19 16:38:31.142736+03	418	vancea_c replied to #413	3		12	1
352	2025-05-19 16:38:31.142758+03	417	vancea_c reposted #415	3		12	1
353	2025-05-19 16:38:31.142779+03	416	vancea_c quoted #415: 123123…	3		12	1
354	2025-05-19 16:38:31.142798+03	415	vancea_c quoted #413: 1231231…	3		12	1
355	2025-05-19 16:38:31.14282+03	414	vancea_c reposted #413	3		12	1
356	2025-05-19 16:38:31.142857+03	413	vancea_c posted on 2025-05-19 13:00	3		12	1
357	2025-05-20 08:01:10.332987+03	462	vancea_c replied to #459	3		12	1
358	2025-05-20 08:01:10.333055+03	461	vancea_c replied to #459	3		12	1
359	2025-05-20 08:01:10.333102+03	460	vancea_c replied to #459	3		12	1
360	2025-05-20 08:01:10.333166+03	459	vancea_c posted on 2025-05-19 16:02	3		12	1
361	2025-05-20 08:01:10.333196+03	458	vancea_c replied to #421	3		12	1
362	2025-05-20 08:01:10.333224+03	457	vancea_c replied to #421	3		12	1
363	2025-05-20 08:01:10.333251+03	455	vancea_c replied to #438	3		12	1
364	2025-05-20 08:01:10.333282+03	454	vancea_c replied to #438	3		12	1
365	2025-05-20 08:01:10.333313+03	453	vancea_c replied to #438	3		12	1
366	2025-05-20 08:01:10.333342+03	452	vancea_c replied to #438	3		12	1
367	2025-05-20 08:01:10.333371+03	451	vancea_c replied to #438	3		12	1
368	2025-05-20 08:01:10.333404+03	450	vancea_c replied to #438	3		12	1
369	2025-05-20 08:01:10.333434+03	449	vancea_c replied to #438	3		12	1
370	2025-05-20 08:01:10.333463+03	448	vancea_c replied to #438	3		12	1
371	2025-05-20 08:01:10.333491+03	447	vancea_c replied to #438	3		12	1
372	2025-05-20 08:01:10.333519+03	446	vancea_c replied to #438	3		12	1
373	2025-05-20 08:01:10.333545+03	445	vancea_c replied to #421	3		12	1
374	2025-05-20 08:01:10.333571+03	444	vancea_c replied to #421	3		12	1
375	2025-05-20 08:01:10.333595+03	443	vancea_c replied to #421	3		12	1
376	2025-05-20 08:01:10.33362+03	442	vancea_c replied to #421	3		12	1
377	2025-05-20 08:01:10.333646+03	441	vancea_c replied to #421	3		12	1
378	2025-05-20 08:01:10.333672+03	440	vancea_c replied to #421	3		12	1
379	2025-05-20 08:01:10.333698+03	439	vancea_c replied to #421	3		12	1
380	2025-05-20 08:01:10.333728+03	438	vancea_c quoted #421: www…	3		12	1
381	2025-05-20 08:01:10.333755+03	436	vancea_c replied to #423	3		12	1
382	2025-05-20 08:01:10.333784+03	435	vancea_c replied to #421	3		12	1
383	2025-05-20 08:01:10.333811+03	434	vancea_c replied to #421	3		12	1
384	2025-05-20 08:01:10.333837+03	433	vancea_c replied to #421	3		12	1
385	2025-05-20 08:01:10.333862+03	432	vancea_c replied to #421	3		12	1
386	2025-05-20 08:01:10.333889+03	431	vancea_c replied to #421	3		12	1
387	2025-05-20 08:01:10.333916+03	430	vancea_c replied to #421	3		12	1
388	2025-05-20 08:01:10.333943+03	429	vancea_c replied to #421	3		12	1
389	2025-05-20 08:01:10.333971+03	428	vancea_c replied to #421	3		12	1
390	2025-05-20 08:01:10.333999+03	427	vancea_c replied to #421	3		12	1
391	2025-05-20 08:01:10.334026+03	426	vancea_c replied to #421	3		12	1
392	2025-05-20 08:01:10.334053+03	425	vancea_c replied to #421	3		12	1
393	2025-05-20 08:01:10.334081+03	424	vancea_c replied to #421	3		12	1
394	2025-05-20 08:01:10.334109+03	423	vancea_c quoted #421: 1234…	3		12	1
395	2025-05-20 08:01:10.334165+03	421	vancea_c posted on 2025-05-19 13:38	3		12	1
396	2025-05-20 08:37:51.87951+03	468	vancea_c quoted #463: 4343443…	3		12	1
397	2025-05-20 08:37:51.879568+03	467	vancea_c quoted #463: 42342332…	3		12	1
398	2025-05-20 08:37:51.87959+03	466	vancea_c quoted #463: hahaha…	3		12	1
399	2025-05-20 08:40:38.717878+03	473	vancea_c quoted #463: 6543…	3		12	1
400	2025-05-20 08:40:38.717916+03	472	vancea_c quoted #463: reweew…	3		12	1
401	2025-05-20 08:40:38.717946+03	471	vancea_c quoted #463: wrrew…	3		12	1
402	2025-05-20 08:40:38.717964+03	470	vancea_c quoted #463: erwewewr…	3		12	1
403	2025-05-20 14:34:44.903035+03	585	vancea_c replied to #577	3		12	1
404	2025-05-20 14:34:44.903082+03	584	vancea_c replied to #577	3		12	1
405	2025-05-20 14:34:44.903112+03	583	vancea_c replied to #578	3		12	1
406	2025-05-20 14:34:44.903139+03	582	vancea_c replied to #577	3		12	1
407	2025-05-20 14:34:44.903167+03	581	vancea_c replied to #578	3		12	1
408	2025-05-20 14:34:44.903215+03	580	vancea_c replied to #577	3		12	1
409	2025-05-20 14:34:44.903259+03	579	vancea_c replied to #578	3		12	1
410	2025-05-20 14:34:44.903306+03	578	vancea_c reposted #577	3		12	1
411	2025-05-20 14:34:44.903357+03	577	vancea_c posted on 2025-05-20 11:11	3		12	1
412	2025-05-20 23:04:47.132631+03	15	vancea_c -> ADMIN (accepted)	1	[{"added": {}}]	16	1
413	2025-05-20 23:05:47.385994+03	605	vancea_c posted on 2025-05-20 20:05	1	[{"added": {}}]	12	1
414	2025-05-20 23:06:07.103654+03	52	Notification for ADMIN - friend_request	2	[]	17	1
415	2025-05-20 23:06:15.291732+03	15	vancea_c -> ADMIN (accepted)	2	[]	16	1
416	2025-05-20 23:07:35.083049+03	32	vancea_c's Profile	2	[{"changed": {"fields": ["Friends"]}}]	7	1
417	2025-05-23 13:06:11.608738+03	614	vancea_c replied to #608	3		12	1
418	2025-05-23 13:06:11.608792+03	613	vancea_c replied to #587	3		12	1
419	2025-05-23 13:06:11.608816+03	612	vancea_c replied to #608	3		12	1
420	2025-05-23 13:06:11.608843+03	611	vancea_c replied to #587	3		12	1
421	2025-05-23 13:06:11.608898+03	610	vancea_c replied to #608	3		12	1
422	2025-05-23 13:06:11.608919+03	609	vancea_c replied to #587	3		12	1
423	2025-05-23 13:06:11.608936+03	608	vancea_c reposted #587	3		12	1
424	2025-05-23 13:06:11.608952+03	607	vancea_c quoted #587: fddsfds…	3		12	1
425	2025-05-23 13:06:11.608967+03	603	vancea_c replied to #587	3		12	1
426	2025-05-23 13:06:11.608982+03	601	vancea_c replied to #587	3		12	1
427	2025-05-23 13:06:11.608997+03	599	vancea_c replied to #587	3		12	1
428	2025-05-23 13:06:11.609012+03	591	vancea_c replied to #587	3		12	1
429	2025-05-23 13:06:11.609026+03	590	vancea_c replied to #587	3		12	1
430	2025-05-23 13:06:11.609071+03	587	vancea_c posted on 2025-05-20 11:34	3		12	1
431	2025-05-23 14:24:00.639344+03	621	vancea_c reposted #620	3		12	1
432	2025-05-23 14:24:00.639395+03	620	vancea_c posted on 2025-05-23 10:47	3		12	1
433	2025-05-24 10:28:08.459475+03	659	vancea_c reposted #658	3		12	1
434	2025-05-24 10:28:08.45958+03	658	vancea_c posted on 2025-05-24 07:17	3		12	1
435	2025-05-24 11:01:01.87751+03	667	vancea_c reposted #660	3		12	1
436	2025-05-24 11:01:01.877574+03	666	vancea_c replied to #660	3		12	1
437	2025-05-24 11:01:01.877602+03	665	vancea_c replied to #660	3		12	1
438	2025-05-24 11:01:01.877625+03	664	vancea_c replied to #660	3		12	1
439	2025-05-24 11:01:01.877661+03	660	vancea_c posted on 2025-05-24 07:28	3		12	1
440	2025-05-24 12:05:21.157536+03	691	vancea_c quoted #689: dfsddsffds…	3		12	1
441	2025-05-24 12:05:21.157581+03	689	vancea_c quoted #685: gyu8ioogyu8…	3		12	1
442	2025-05-24 12:05:21.157611+03	687	vancea_c quoted #686: weerwerwewrwerrew…	3		12	1
443	2025-05-24 12:05:21.157637+03	686	vancea_c quoted #683	3		12	1
444	2025-05-24 12:05:21.157663+03	685	vancea_c quoted #683: 2ewrwrew…	3		12	1
445	2025-05-24 12:05:21.157696+03	683	vancea_c posted on 2025-05-24 08:17	3		12	1
446	2025-05-24 14:09:56.815123+03	697	vancea_c quoted #696: werwererwerw…	3		12	1
447	2025-05-24 14:09:56.815171+03	696	vancea_c quoted #695: rwewerwerrew…	3		12	1
448	2025-05-24 14:09:56.815191+03	695	vancea_c quoted #692: rweewrrewwre…	3		12	1
449	2025-05-24 14:09:56.815207+03	694	vancea_c reposted #692	3		12	1
450	2025-05-24 14:09:56.815245+03	692	vancea_c posted on 2025-05-24 09:05	3		12	1
451	2025-05-24 14:12:12.235685+03	700	vancea_c posted on 2025-05-24 11:11	3		12	1
452	2025-05-24 14:12:12.235731+03	699	ADMIN posted on 2025-05-24 11:10	3		12	1
453	2025-05-24 14:12:12.235755+03	698	ADMIN posted on 2025-05-24 11:10	3		12	1
454	2025-05-24 18:15:08.502671+03	712	vancea_c replied to #711	1	[{"added": {}}]	12	1
455	2025-05-24 20:44:36.765171+03	719	vancea_c posted on 2025-05-24 17:43	3		12	1
456	2025-05-24 20:44:36.765231+03	718	vancea_c posted on 2025-05-24 17:43	3		12	1
457	2025-05-25 15:37:37.369707+03	793	vancea_c posted on 2025-05-25 12:20	3		12	1
458	2025-05-25 15:37:37.36977+03	792	vancea_c posted on 2025-05-25 12:17	3		12	1
459	2025-05-25 15:37:37.369801+03	791	vancea_c quoted #789: iutgvy…	3		12	1
460	2025-05-25 15:37:37.369827+03	790	vancea_c reposted #789	3		12	1
461	2025-05-25 15:37:37.369856+03	789	vancea_c posted on 2025-05-25 12:16	3		12	1
462	2025-05-25 15:37:37.369883+03	788	vancea_c posted on 2025-05-25 12:08	3		12	1
463	2025-05-25 15:37:37.369908+03	787	vancea_c posted on 2025-05-25 11:34	3		12	1
464	2025-05-25 15:37:37.369932+03	786	vancea_c posted on 2025-05-25 11:34	3		12	1
465	2025-05-29 11:09:41.48199+03	827	vancea_c replied to #826	3		12	1
466	2025-05-29 11:09:41.48207+03	826	vancea_c replied to #805	3		12	1
467	2025-05-29 11:09:41.482101+03	825	vancea_c replied to #821	3		12	1
468	2025-05-29 11:09:41.482138+03	824	vancea_c replied to #795	3		12	1
469	2025-05-29 11:09:41.482181+03	823	vancea_c replied to #795	3		12	1
470	2025-05-29 11:09:41.482205+03	822	vancea_c replied to #795	3		12	1
471	2025-05-29 11:09:41.482225+03	821	vancea_c replied to #795	3		12	1
472	2025-05-29 11:09:41.482257+03	820	vancea_c replied to #795	3		12	1
473	2025-05-29 11:09:41.482276+03	819	vancea_c replied to #795	3		12	1
474	2025-05-29 11:09:41.482294+03	818	vancea_c replied to #805	3		12	1
475	2025-05-29 11:09:41.482312+03	817	vancea_c replied to #805	3		12	1
476	2025-05-29 11:09:41.482331+03	816	vancea_c replied to #795	3		12	1
477	2025-05-29 11:09:41.482349+03	815	vancea_c replied to #805	3		12	1
478	2025-05-29 11:09:41.482366+03	814	vancea_c replied to #805	3		12	1
479	2025-05-29 11:09:41.482384+03	813	vancea_c replied to #805	3		12	1
480	2025-05-29 11:09:41.482401+03	812	vancea_c replied to #805	3		12	1
481	2025-05-29 11:09:41.482418+03	811	vancea_c replied to #805	3		12	1
482	2025-05-29 11:09:41.482436+03	810	vancea_c replied to #805	3		12	1
483	2025-05-29 11:09:41.482453+03	809	vancea_c replied to #795	3		12	1
484	2025-05-29 11:09:41.48247+03	808	vancea_c replied to #795	3		12	1
485	2025-05-29 11:09:41.482487+03	807	vancea_c replied to #795	3		12	1
486	2025-05-29 11:09:41.482504+03	806	vancea_c replied to #795	3		12	1
487	2025-05-29 11:09:41.482522+03	805	vancea_c quoted #795: dfsdsdsf…	3		12	1
488	2025-05-29 11:09:41.482559+03	803	ADMIN posted on 2025-05-28 10:39	3		12	1
489	2025-05-29 11:09:41.482586+03	802	ADMIN posted on 2025-05-28 10:39	3		12	1
490	2025-05-29 11:09:41.482604+03	801	vancea_c replied to #795	3		12	1
491	2025-05-29 11:09:41.482623+03	800	vancea_c reposted #795	3		12	1
492	2025-05-29 11:09:41.482647+03	799	vancea_c posted on 2025-05-25 21:03	3		12	1
493	2025-05-29 11:09:41.48267+03	798	vancea_c posted on 2025-05-25 21:03	3		12	1
494	2025-05-29 11:09:41.482693+03	797	vancea_c posted on 2025-05-25 21:03	3		12	1
495	2025-05-29 11:09:41.482715+03	796	vancea_c posted on 2025-05-25 21:03	3		12	1
496	2025-05-29 11:09:41.482738+03	795	vancea_c posted on 2025-05-25 21:02	3		12	1
497	2025-05-29 13:11:47.282962+03	829	vancea_c replied to #828	3		12	1
\.


--
-- TOC entry 5219 (class 0 OID 17290)
-- Dependencies: 220
-- Data for Name: django_content_type; Type: TABLE DATA; Schema: public; Owner: postgres
--

COPY public.django_content_type (id, app_label, model) FROM stdin;
1	admin	logentry
2	auth	permission
3	auth	group
4	auth	user
5	contenttypes	contenttype
6	sessions	session
7	Profile	profile
8	cities_light	country
9	cities_light	region
10	cities_light	city
11	cities_light	subregion
12	Posts	post
13	Posts	media
14	Posts	like
15	Posts	comment
16	Friendship	friendrequest
17	Notifications	notifications
18	authtoken	token
19	authtoken	tokenproxy
20	token_blacklist	blacklistedtoken
21	token_blacklist	outstandingtoken
\.


--
-- TOC entry 5217 (class 0 OID 17282)
-- Dependencies: 218
-- Data for Name: django_migrations; Type: TABLE DATA; Schema: public; Owner: postgres
--

COPY public.django_migrations (id, app, name, applied) FROM stdin;
1	contenttypes	0001_initial	2025-03-12 13:09:47.834217+02
2	auth	0001_initial	2025-03-12 13:09:47.947195+02
3	Profile	0001_initial	2025-03-12 13:09:47.98387+02
4	admin	0001_initial	2025-03-12 13:09:48.028736+02
5	admin	0002_logentry_remove_auto_add	2025-03-12 13:09:48.043684+02
6	admin	0003_logentry_add_action_flag_choices	2025-03-12 13:09:48.056276+02
7	contenttypes	0002_remove_content_type_name	2025-03-12 13:09:48.086454+02
8	auth	0002_alter_permission_name_max_length	2025-03-12 13:09:48.103988+02
9	auth	0003_alter_user_email_max_length	2025-03-12 13:09:48.11951+02
10	auth	0004_alter_user_username_opts	2025-03-12 13:09:48.134613+02
11	auth	0005_alter_user_last_login_null	2025-03-12 13:09:48.150562+02
12	auth	0006_require_contenttypes_0002	2025-03-12 13:09:48.153136+02
13	auth	0007_alter_validators_add_error_messages	2025-03-12 13:09:48.169624+02
14	auth	0008_alter_user_username_max_length	2025-03-12 13:09:48.195023+02
15	auth	0009_alter_user_last_name_max_length	2025-03-12 13:09:48.21307+02
16	auth	0010_alter_group_name_max_length	2025-03-12 13:09:48.230115+02
17	auth	0011_update_proxy_permissions	2025-03-12 13:09:48.253086+02
18	auth	0012_alter_user_first_name_max_length	2025-03-12 13:09:48.270653+02
19	sessions	0001_initial	2025-03-12 13:09:48.288903+02
20	Profile	0002_alter_profile_table	2025-03-12 13:13:57.642717+02
21	Profile	0003_rename_profile_iamge_profile_profile_image	2025-03-12 13:18:26.092453+02
22	Friendship	0001_initial	2025-03-12 17:19:53.877452+02
23	Posts	0001_initial	2025-03-12 17:19:54.050372+02
24	cities_light	0001_initial	2025-03-12 17:19:54.180583+02
25	cities_light	0002_city	2025-03-12 17:19:54.264825+02
26	cities_light	0003_auto_20141120_0342	2025-03-12 17:19:54.276183+02
27	cities_light	0004_autoslug_update	2025-03-12 17:19:54.297215+02
28	cities_light	0005_blank_phone	2025-03-12 17:19:54.307075+02
29	cities_light	0006_compensate_for_0003_bytestring_bug	2025-03-12 17:19:54.316158+02
30	cities_light	0007_make_country_name_not_unique	2025-03-12 17:19:54.355346+02
31	cities_light	0008_city_timezone	2025-03-12 17:19:54.371782+02
32	cities_light	0009_add_subregion	2025-03-12 17:19:54.433803+02
33	cities_light	0010_auto_20200508_1851	2025-03-12 17:19:54.489372+02
34	cities_light	0011_alter_city_country_alter_city_region_and_more	2025-03-12 17:19:54.526917+02
35	Profile	0004_alter_profile_options_alter_profile_bio_and_more	2025-03-12 17:19:54.641972+02
36	Notifications	0001_initial	2025-03-13 13:57:20.213979+02
37	Posts	0002_remove_media_duration_alter_post_author	2025-03-13 13:57:20.259162+02
38	Friendship	0002_remove_friendrequest_accepted_friendrequest_status	2025-03-13 14:38:34.261869+02
39	Profile	0005_profile_friends	2025-03-13 14:38:34.291127+02
40	Profile	0006_profile_is_private	2025-03-13 14:52:59.417873+02
41	Notifications	0002_alter_notifications_notification_type	2025-03-13 15:04:59.210319+02
42	Notifications	0003_notifications_friend_request_notifications_post	2025-03-13 16:18:54.911068+02
43	Notifications	0004_notifications_comment	2025-03-13 16:49:00.25614+02
44	Posts	0003_alter_like_unique_together	2025-03-18 15:13:29.190256+02
45	Profile	0007_profile_name	2025-03-18 15:13:29.206071+02
46	Profile	0008_remove_profile_city_remove_profile_country	2025-03-18 17:24:47.658633+02
47	Friendship	0003_friendrequest_updated_at_alter_friendrequest_to_user_and_more	2025-04-04 15:01:50.553325+03
48	Profile	0009_remove_profile_name_profile_blocked_users_and_more	2025-04-04 15:01:50.62292+03
49	authtoken	0001_initial	2025-04-07 13:06:47.266402+03
50	authtoken	0002_auto_20160226_1747	2025-04-07 13:06:47.305206+03
51	authtoken	0003_tokenproxy	2025-04-07 13:06:47.307254+03
52	authtoken	0004_alter_tokenproxy_options	2025-04-07 13:06:47.310911+03
53	Posts	0004_post_repost_of_alter_post_description	2025-04-29 17:32:24.461088+03
54	Profile	0010_profile_cover_iamge	2025-04-29 17:32:24.474899+03
55	Profile	0011_rename_cover_iamge_profile_cover_image	2025-04-29 17:40:44.3145+03
56	token_blacklist	0001_initial	2025-04-30 15:33:30.874643+03
57	token_blacklist	0002_outstandingtoken_jti_hex	2025-04-30 15:33:30.886535+03
58	token_blacklist	0003_auto_20171017_2007	2025-04-30 15:33:30.904132+03
59	token_blacklist	0004_auto_20171017_2013	2025-04-30 15:33:30.919285+03
60	token_blacklist	0005_remove_outstandingtoken_jti	2025-04-30 15:33:30.933922+03
61	token_blacklist	0006_auto_20171017_2113	2025-04-30 15:33:30.947813+03
62	token_blacklist	0007_auto_20171017_2214	2025-04-30 15:33:30.994822+03
63	token_blacklist	0008_migrate_to_bigautofield	2025-04-30 15:33:31.039018+03
64	token_blacklist	0010_fix_migrate_to_bigautofield	2025-04-30 15:33:31.060972+03
65	token_blacklist	0011_linearizes_history	2025-04-30 15:33:31.062429+03
66	token_blacklist	0012_alter_outstandingtoken_user	2025-04-30 15:33:31.074261+03
67	Posts	0005_alter_post_options_remove_post_repost_of_post_parent_and_more	2025-05-05 20:54:09.520846+03
68	Posts	0006_alter_post_options_alter_post_type	2025-05-11 20:34:53.106688+03
69	Notifications	0005_alter_notifications_comment_alter_notifications_post	2025-05-17 13:05:41.007264+03
70	Posts	0007_alter_post_type_delete_comment	2025-05-17 13:05:41.035601+03
\.


--
-- TOC entry 5236 (class 0 OID 17433)
-- Dependencies: 237
-- Data for Name: django_session; Type: TABLE DATA; Schema: public; Owner: postgres
--

COPY public.django_session (session_key, session_data, expire_date) FROM stdin;
03tehwkp7zffwcgy83feqr4d02hmn43l	.eJxVjMsOwiAQAP-FsyEsBUo9eu83ENhdpGog6eNk_HdD0oNeZybzFiEeewnHxmtYSFwFiMsvSxGfXLugR6z3JrHVfV2S7Ik87SbnRvy6ne3foMSt9K3NyRCozIbJeIOorBqz1QOMZiJwyqN13iU1aR2BkKPGwbKxCmByg_h8AdMsNv8:1tsKem:ld9za_qXlkd6adjl0Z7MTBFItIe6fT4DluN43FuB3-k	2025-03-26 13:53:52.312045+02
3ycy2wkibsfqw3jh0uuxqjmv1gtr7e10	.eJxVjMsOwiAQAP-FsyEsBUo9eu83ENhdpGog6eNk_HdD0oNeZybzFiEeewnHxmtYSFwFiMsvSxGfXLugR6z3JrHVfV2S7Ik87SbnRvy6ne3foMSt9K3NyRCozIbJeIOorBqz1QOMZiJwyqN13iU1aR2BkKPGwbKxCmByg_h8AdMsNv8:1tsgds:4pDLRuAVVqjv-DBL5TmO7VQpLvt9NBNr0T69Sh2i31g	2025-03-27 13:22:24.143522+02
ez1jjxyt4qvtxg4f70e174z4xo25ybx3	.eJxVjMsOwiAQAP-FsyEsBUo9eu83ENhdpGog6eNk_HdD0oNeZybzFiEeewnHxmtYSFwFiMsvSxGfXLugR6z3JrHVfV2S7Ik87SbnRvy6ne3foMSt9K3NyRCozIbJeIOorBqz1QOMZiJwyqN13iU1aR2BkKPGwbKxCmByg_h8AdMsNv8:1tshC8:atim_wiQje8NBhv2ToO29Zqma4Nmfp-T8T1Z1mXWSS8	2025-03-27 13:57:48.126269+02
g347g9frm6l02xr4v34efgbhp1kzhh6r	.eJxVjMsOwiAQAP-FsyEsBUo9eu83ENhdpGog6eNk_HdD0oNeZybzFiEeewnHxmtYSFwFiMsvSxGfXLugR6z3JrHVfV2S7Ik87SbnRvy6ne3foMSt9K3NyRCozIbJeIOorBqz1QOMZiJwyqN13iU1aR2BkKPGwbKxCmByg_h8AdMsNv8:1ttTV4:g-NliXQWj8EllgZGqb_PW1BUGfYo5qzcsZUZDzT7hNc	2025-03-29 17:32:34.319049+02
8xg0or2afa9swqezmdfcculezkzdok7f	.eJxVjMsOwiAQAP-FsyEsBUo9eu83ENhdpGog6eNk_HdD0oNeZybzFiEeewnHxmtYSFwFiMsvSxGfXLugR6z3JrHVfV2S7Ik87SbnRvy6ne3foMSt9K3NyRCozIbJeIOorBqz1QOMZiJwyqN13iU1aR2BkKPGwbKxCmByg_h8AdMsNv8:1tuUXT:ioAHHf56OsLrml3m1YhMreghq8vbyE3qvX95q5oocQA	2025-04-01 13:51:15.141288+03
gybcf2w1w7uhm58rhdyt270afz4apo2d	.eJxVjMsOwiAQAP-FsyEsBUo9eu83ENhdpGog6eNk_HdD0oNeZybzFiEeewnHxmtYSFwFiMsvSxGfXLugR6z3JrHVfV2S7Ik87SbnRvy6ne3foMSt9K3NyRCozIbJeIOorBqz1QOMZiJwyqN13iU1aR2BkKPGwbKxCmByg_h8AdMsNv8:1tuUgA:eV1c9IQX4P3KwAOy0L_bXNS3Zk9FFGgRRBVeJ-W01Ds	2025-04-01 14:00:14.440587+03
h9iwxbr5q8x1unp1y8d7zy54cbyaaty5	.eJxVjMsOwiAQAP-FsyEsBUo9eu83ENhdpGog6eNk_HdD0oNeZybzFiEeewnHxmtYSFwFiMsvSxGfXLugR6z3JrHVfV2S7Ik87SbnRvy6ne3foMSt9K3NyRCozIbJeIOorBqz1QOMZiJwyqN13iU1aR2BkKPGwbKxCmByg_h8AdMsNv8:1tuWQI:sxU7NrHWqDRzG_BtsG33OnBSjGT9zvDmT9QJFd0uJtU	2025-04-01 15:51:58.605219+03
olkty2l391wnhz7z6mo0yolojhviiiy8	.eJxVjMsOwiAQAP-FsyEsBUo9eu83ENhdpGog6eNk_HdD0oNeZybzFiEeewnHxmtYSFwFiMsvSxGfXLugR6z3JrHVfV2S7Ik87SbnRvy6ne3foMSt9K3NyRCozIbJeIOorBqz1QOMZiJwyqN13iU1aR2BkKPGwbKxCmByg_h8AdMsNv8:1u0e9V:2AcTFiqEw2VWLvhpS7y_cXHaIuImVocPslbpyL0AddY	2025-04-18 13:19:57.959956+03
g2xu2gztkgl25wr9s5squ3fe6k40f5m8	.eJxVjMsOwiAQAP-FsyEsBUo9eu83ENhdpGog6eNk_HdD0oNeZybzFiEeewnHxmtYSFwFiMsvSxGfXLugR6z3JrHVfV2S7Ik87SbnRvy6ne3foMSt9K3NyRCozIbJeIOorBqz1QOMZiJwyqN13iU1aR2BkKPGwbKxCmByg_h8AdMsNv8:1u1gWs:TocMyQHyAPUENg35L23wplXAPGXiRfCFkX1hS6HLf4I	2025-04-21 10:04:22.2572+03
in0q0s29zrpltfae276x0e3s34b76len	.eJxVjMsOwiAQAP-FsyEsBUo9eu83ENhdpGog6eNk_HdD0oNeZybzFiEeewnHxmtYSFwFiMsvSxGfXLugR6z3JrHVfV2S7Ik87SbnRvy6ne3foMSt9K3NyRCozIbJeIOorBqz1QOMZiJwyqN13iU1aR2BkKPGwbKxCmByg_h8AdMsNv8:1u1gag:JrqCKMYaIOWMRzwB2r2oBZkjo39Fyenux-9uY0ubnhw	2025-04-21 10:08:18.92333+03
f9jhpzlifktcizl02yjy5h7rdey12l03	.eJxVjMsOwiAQAP-FsyEsBUo9eu83ENhdpGog6eNk_HdD0oNeZybzFiEeewnHxmtYSFwFiMsvSxGfXLugR6z3JrHVfV2S7Ik87SbnRvy6ne3foMSt9K3NyRCozIbJeIOorBqz1QOMZiJwyqN13iU1aR2BkKPGwbKxCmByg_h8AdMsNv8:1u1jwQ:LCvGrKsncTYn2dk8Fjl6dnNWmQno3hAfbO14qtP9onE	2025-04-21 13:42:58.438763+03
asio19llr74gig28ik33kjze0v8ntzh5	.eJxVjMsOwiAQAP-FsyEsBUo9eu83ENhdpGog6eNk_HdD0oNeZybzFiEeewnHxmtYSFwFiMsvSxGfXLugR6z3JrHVfV2S7Ik87SbnRvy6ne3foMSt9K3NyRCozIbJeIOorBqz1QOMZiJwyqN13iU1aR2BkKPGwbKxCmByg_h8AdMsNv8:1u2Wlc:2pAbtksgoPDn8XELB7edqkwYy4p3GNFcQRLwAA3N85E	2025-04-23 17:51:04.943834+03
5rsn82fh2z9qioo8rpqtr1llchf7o5cp	.eJxVjMEOwiAQBf-FsyHAAgWP3v0GwgIrVQNJaU_Gf9cmPej1zcx7sRC3tYZtlCXMmZ2ZZKffDWN6lLaDfI_t1nnqbV1m5LvCDzr4tefyvBzu30GNo35rL0GjLWYCUg4kSYHeK6u8yoLATGSlhkhIllyxPiZ0Ba0CKYx22iT2_gC-ojcg:1uA71i:T7s5dq8UVWaOeZiY9E1kRP7COWToqeXq2KablSzhDiM	2025-05-14 15:59:02.384079+03
jmukvdcqgmr94aqz4daczo4l5kjcjd7l	.eJxVjEEOwiAQRe_C2hAaKTAu3XsGMsMMUjWQlHbVeHdt0oVu_3vvbyriupS4dpnjxOqiBnX63QjTU-oO-IH13nRqdZkn0ruiD9r1rbG8rof7d1Cwl28dGAyIB0oo7IL1ECgJkTNZxGfrzs4FM1hOYC2PJADoRzcGYEGErN4f_fU4nQ:1uIPHy:JDBLmmP4X9s6E58EvNtkLYy3Scc9eCpy_OBkcmVxw9Q	2025-06-06 13:06:06.199409+03
\.


--
-- TOC entry 5261 (class 0 OID 67109)
-- Dependencies: 262
-- Data for Name: token_blacklist_blacklistedtoken; Type: TABLE DATA; Schema: public; Owner: postgres
--

COPY public.token_blacklist_blacklistedtoken (id, blacklisted_at, token_id) FROM stdin;
\.


--
-- TOC entry 5263 (class 0 OID 67115)
-- Dependencies: 264
-- Data for Name: token_blacklist_outstandingtoken; Type: TABLE DATA; Schema: public; Owner: postgres
--

COPY public.token_blacklist_outstandingtoken (id, token, created_at, expires_at, user_id, jti) FROM stdin;
1	eyJhbGciOiJIUzI1NiIsInR5cCI6IkpXVCJ9.eyJ0b2tlbl90eXBlIjoicmVmcmVzaCIsImV4cCI6MTc0NjYyMTIzNiwiaWF0IjoxNzQ2MDE2NDM2LCJqdGkiOiIyNjhlN2M5MzNjZmU0YmRiYjc3MTBhMDRkMGFkYmU4OSIsInVzZXJfaWQiOjF9.oXgDXPtqrqnNHSdWuXK-Ufif2kUosyZG4sEJWqV7KBg	2025-04-30 15:33:56.510411+03	2025-05-07 15:33:56+03	1	268e7c933cfe4bdbb7710a04d0adbe89
2	eyJhbGciOiJIUzI1NiIsInR5cCI6IkpXVCJ9.eyJ0b2tlbl90eXBlIjoicmVmcmVzaCIsImV4cCI6MTc0NjYyMTk5OCwiaWF0IjoxNzQ2MDE3MTk4LCJqdGkiOiJkYzRmYWQ5ZWU4MTM0NWRlYTIwYjg1ZjJjOGQ4NTkyMyIsInVzZXJfaWQiOjF9.SFLPxvCh3niIGt563lZ0dirc9NeorzaIj2Q5yory07Q	2025-04-30 15:46:38.912872+03	2025-05-07 15:46:38+03	1	dc4fad9ee81345dea20b85f2c8d85923
3	eyJhbGciOiJIUzI1NiIsInR5cCI6IkpXVCJ9.eyJ0b2tlbl90eXBlIjoicmVmcmVzaCIsImV4cCI6MTc0NjYyMzc2MCwiaWF0IjoxNzQ2MDE4OTYwLCJqdGkiOiJmOGEyYmI5N2VjMWQ0YTBiYjIyYzU1ZmYwNjc1YzI3YiIsInVzZXJfaWQiOjI5fQ.sSQjyNRn7CFM9zdZ-e1dcSxcZlEI2zL6HCMJng_l66Q	2025-04-30 16:16:00.948901+03	2025-05-07 16:16:00+03	\N	f8a2bb97ec1d4a0bb22c55ff0675c27b
4	eyJhbGciOiJIUzI1NiIsInR5cCI6IkpXVCJ9.eyJ0b2tlbl90eXBlIjoicmVmcmVzaCIsImV4cCI6MTc0NjYyNDA3MSwiaWF0IjoxNzQ2MDE5MjcxLCJqdGkiOiJkZTRmYWU4YTM5YWM0MDM5ODUxMTczODFjNzBjYzRlMCIsInVzZXJfaWQiOjMwfQ.OCJ43_J6elUOOIHA1PSPPYvKgMWb_d8Zg1ceZ5o1FnI	2025-04-30 16:21:11.824377+03	2025-05-07 16:21:11+03	30	de4fae8a39ac403985117381c70cc4e0
5	eyJhbGciOiJIUzI1NiIsInR5cCI6IkpXVCJ9.eyJ0b2tlbl90eXBlIjoicmVmcmVzaCIsImV4cCI6MTc0NjYyNTc3MywiaWF0IjoxNzQ2MDIwOTczLCJqdGkiOiIzYmRlNjg1NDBjZjk0OGNiOGJiZjViMjYzOWJmOGYxMyIsInVzZXJfaWQiOjMwfQ.GMG2CcxSeG-YROMxYq9-_8cc11YRdekuKWtNWh8Sxq4	2025-04-30 16:49:33.039964+03	2025-05-07 16:49:33+03	30	3bde68540cf948cb8bbf5b2639bf8f13
6	eyJhbGciOiJIUzI1NiIsInR5cCI6IkpXVCJ9.eyJ0b2tlbl90eXBlIjoicmVmcmVzaCIsImV4cCI6MTc0NjY4MDQyMywiaWF0IjoxNzQ2MDc1NjIzLCJqdGkiOiI4ODMxMzQyZDI2Zjg0NzAxOTBjODM4ZmM2NzEzNmFjNyIsInVzZXJfaWQiOjMwfQ.juaF0eE_gynSrH0bNNz6W5WLW4O62Nlk9tDHHU6m_Bo	2025-05-01 08:00:23.748831+03	2025-05-08 08:00:23+03	30	8831342d26f8470190c838fc67136ac7
7	eyJhbGciOiJIUzI1NiIsInR5cCI6IkpXVCJ9.eyJ0b2tlbl90eXBlIjoicmVmcmVzaCIsImV4cCI6MTc0NjY4MTA3NCwiaWF0IjoxNzQ2MDc2Mjc0LCJqdGkiOiIyZWM5MWVjMGFjZjM0OWRmYmVmNmU4MTQ1NmQ2OTQ0YyIsInVzZXJfaWQiOjMwfQ.z2MvjmD7WlPzd5Vzr6vNr3ZaUd66rpWTS4H8l1Rph1A	2025-05-01 08:11:14.503136+03	2025-05-08 08:11:14+03	30	2ec91ec0acf349dfbef6e81456d6944c
8	eyJhbGciOiJIUzI1NiIsInR5cCI6IkpXVCJ9.eyJ0b2tlbl90eXBlIjoicmVmcmVzaCIsImV4cCI6MTc0NjY4MTE0NiwiaWF0IjoxNzQ2MDc2MzQ2LCJqdGkiOiIwOGFhNWNlOGFlOTI0ZTBiOWY5YWRiYzA4YTY0ZjA0NCIsInVzZXJfaWQiOjMwfQ.IRnRDSTQ4bigZopWxXLuDd4dzHhEByRIAgpmn8Kk-6w	2025-05-01 08:12:26.75369+03	2025-05-08 08:12:26+03	30	08aa5ce8ae924e0b9f9adbc08a64f044
9	eyJhbGciOiJIUzI1NiIsInR5cCI6IkpXVCJ9.eyJ0b2tlbl90eXBlIjoicmVmcmVzaCIsImV4cCI6MTc0NjY4MTI4NywiaWF0IjoxNzQ2MDc2NDg3LCJqdGkiOiJmZjNiZWNhNzhiMmU0OTc3YmExMjZmOTNlNWUzZmEyYyIsInVzZXJfaWQiOjMwfQ.bAL_aC03GmncpPQq_IklYbz7fsqRdouTQlSr4iibhlw	2025-05-01 08:14:47.696534+03	2025-05-08 08:14:47+03	30	ff3beca78b2e4977ba126f93e5e3fa2c
10	eyJhbGciOiJIUzI1NiIsInR5cCI6IkpXVCJ9.eyJ0b2tlbl90eXBlIjoicmVmcmVzaCIsImV4cCI6MTc0NjY4MTM3MSwiaWF0IjoxNzQ2MDc2NTcxLCJqdGkiOiIwNjZkM2VkOTg4M2Q0ODhiOTZiZGQ1NjkxOGUwZTkwNyIsInVzZXJfaWQiOjMwfQ.hxDZzs4QiDHzOn4XCypbOfC8_JcMDQ0P6N1ZqMc5VpM	2025-05-01 08:16:11.591735+03	2025-05-08 08:16:11+03	30	066d3ed9883d488b96bdd56918e0e907
11	eyJhbGciOiJIUzI1NiIsInR5cCI6IkpXVCJ9.eyJ0b2tlbl90eXBlIjoicmVmcmVzaCIsImV4cCI6MTc0NjY4MTUwMiwiaWF0IjoxNzQ2MDc2NzAyLCJqdGkiOiI5MTZhZWYzNmUxMzk0YzQxYmQ1MzhkNTI5NTRjZWU1YSIsInVzZXJfaWQiOjMwfQ.eMRd-rf0JhqPRwsHRxlGppoJxyoTmfkgNmsNRVMdR0k	2025-05-01 08:18:22.89342+03	2025-05-08 08:18:22+03	30	916aef36e1394c41bd538d52954cee5a
12	eyJhbGciOiJIUzI1NiIsInR5cCI6IkpXVCJ9.eyJ0b2tlbl90eXBlIjoicmVmcmVzaCIsImV4cCI6MTc0NjY4MjIzMywiaWF0IjoxNzQ2MDc3NDMzLCJqdGkiOiJiMjQ0NDc1MzdmNzU0NGI4YjNhNzhiMjIzNWM4NzVkOSIsInVzZXJfaWQiOjMwfQ.Mh23iRWEuH8--mv_K_WvuF6um_Gv6Tnzl0K0EQu3OTo	2025-05-01 08:30:33.856768+03	2025-05-08 08:30:33+03	30	b24447537f7544b8b3a78b2235c875d9
13	eyJhbGciOiJIUzI1NiIsInR5cCI6IkpXVCJ9.eyJ0b2tlbl90eXBlIjoicmVmcmVzaCIsImV4cCI6MTc0NjY4Mzc5NiwiaWF0IjoxNzQ2MDc4OTk2LCJqdGkiOiI3MWEyODdlN2FkZjY0YjhhOGYwZDRiZjE4NWU4Y2E4MiIsInVzZXJfaWQiOjMwfQ.oEGfTh4XtqC-K8CELmg1pwsyaLFeUtjFW3nsuszpIhM	2025-05-01 08:56:36.820873+03	2025-05-08 08:56:36+03	30	71a287e7adf64b8a8f0d4bf185e8ca82
14	eyJhbGciOiJIUzI1NiIsInR5cCI6IkpXVCJ9.eyJ0b2tlbl90eXBlIjoicmVmcmVzaCIsImV4cCI6MTc0NjY4Mzg2OCwiaWF0IjoxNzQ2MDc5MDY4LCJqdGkiOiJlMmJhMzY5OTJmM2Y0NzdjYTU5YjI4ZjdkOGE1ZjAyMyIsInVzZXJfaWQiOjMwfQ.-EUbcx6fHtHvNNIgtrMoEMEtxGMnXdmc1zcLZnLjP_0	2025-05-01 08:57:48.573107+03	2025-05-08 08:57:48+03	30	e2ba36992f3f477ca59b28f7d8a5f023
15	eyJhbGciOiJIUzI1NiIsInR5cCI6IkpXVCJ9.eyJ0b2tlbl90eXBlIjoicmVmcmVzaCIsImV4cCI6MTc0NjY4NzQzOSwiaWF0IjoxNzQ2MDgyNjM5LCJqdGkiOiI2Yjc4ZjA3YTgxZmU0OTk0ODJmNmQ2ODFkYmMxNmFjMiIsInVzZXJfaWQiOjMwfQ.7UWYkogUgGVepUohKO6bJYNUoFOs65GB5s5XrxD0i14	2025-05-01 09:57:19.185612+03	2025-05-08 09:57:19+03	30	6b78f07a81fe499482f6d681dbc16ac2
16	eyJhbGciOiJIUzI1NiIsInR5cCI6IkpXVCJ9.eyJ0b2tlbl90eXBlIjoicmVmcmVzaCIsImV4cCI6MTc0NjY4ODA3MiwiaWF0IjoxNzQ2MDgzMjcyLCJqdGkiOiJhY2U2YThjZTIxZTQ0NjY1YjIxN2U0YzUyNjE2MWZiYSIsInVzZXJfaWQiOjMwfQ.CWYxkNIaNCK1giJk6cDgY36auVBTLRMRELj3Pb5bhFU	2025-05-01 10:07:52.582346+03	2025-05-08 10:07:52+03	30	ace6a8ce21e44665b217e4c526161fba
17	eyJhbGciOiJIUzI1NiIsInR5cCI6IkpXVCJ9.eyJ0b2tlbl90eXBlIjoicmVmcmVzaCIsImV4cCI6MTc0NjY4ODE5NCwiaWF0IjoxNzQ2MDgzMzk0LCJqdGkiOiI1YTI0ZjIxNTBjMmU0MjkwYjM2M2E1MWQyODJmNWY1ZCIsInVzZXJfaWQiOjMwfQ.UAPqQH4WmWGImBjKUCvXAYfT9iWPAhB_xRVgTirH1Zs	2025-05-01 10:09:54.935827+03	2025-05-08 10:09:54+03	30	5a24f2150c2e4290b363a51d282f5f5d
18	eyJhbGciOiJIUzI1NiIsInR5cCI6IkpXVCJ9.eyJ0b2tlbl90eXBlIjoicmVmcmVzaCIsImV4cCI6MTc0NjY4ODI5OCwiaWF0IjoxNzQ2MDgzNDk4LCJqdGkiOiIxNmJjN2NlMjYyZDk0MWExOWQwYmFkY2U5YzNkYmEyNSIsInVzZXJfaWQiOjMwfQ.XPBInflW0wfE7lj9GQTY1HBKYi2jwQzFjd163MGVbOo	2025-05-01 10:11:38.916801+03	2025-05-08 10:11:38+03	30	16bc7ce262d941a19d0badce9c3dba25
19	eyJhbGciOiJIUzI1NiIsInR5cCI6IkpXVCJ9.eyJ0b2tlbl90eXBlIjoicmVmcmVzaCIsImV4cCI6MTc0NjY4ODM4NiwiaWF0IjoxNzQ2MDgzNTg2LCJqdGkiOiIwY2NlY2FhNmMzZmE0NjMxYWE5ZDk5MTUwNjEwZjIzZSIsInVzZXJfaWQiOjMwfQ.lExs5r4SzYFdSMkOU44iCOsDnGDOp-pIyXscTayLUzE	2025-05-01 10:13:06.456159+03	2025-05-08 10:13:06+03	30	0ccecaa6c3fa4631aa9d99150610f23e
20	eyJhbGciOiJIUzI1NiIsInR5cCI6IkpXVCJ9.eyJ0b2tlbl90eXBlIjoicmVmcmVzaCIsImV4cCI6MTc0NjY4ODQyNywiaWF0IjoxNzQ2MDgzNjI3LCJqdGkiOiIzNDE1MGY3N2IxZmM0Yjk3OWUyMGExYmQ0ZTRkY2U4YSIsInVzZXJfaWQiOjMwfQ.73WyP9BAvi88NOR9S4j9WstpZxV6gD6y242DaTBTpBk	2025-05-01 10:13:47.84575+03	2025-05-08 10:13:47+03	30	34150f77b1fc4b979e20a1bd4e4dce8a
21	eyJhbGciOiJIUzI1NiIsInR5cCI6IkpXVCJ9.eyJ0b2tlbl90eXBlIjoicmVmcmVzaCIsImV4cCI6MTc0NjY4OTA1NSwiaWF0IjoxNzQ2MDg0MjU1LCJqdGkiOiI3Y2U1MTk5YTBiYWM0YmYyOTQwNmIzZTI1ODQ0M2FiYyIsInVzZXJfaWQiOjMwfQ.3GPGt3r6EE-5wv041bgZJOaVS8htuyMOm2gZAvu90tI	2025-05-01 10:24:15.810587+03	2025-05-08 10:24:15+03	30	7ce5199a0bac4bf29406b3e258443abc
22	eyJhbGciOiJIUzI1NiIsInR5cCI6IkpXVCJ9.eyJ0b2tlbl90eXBlIjoicmVmcmVzaCIsImV4cCI6MTc0NjY4OTE0NSwiaWF0IjoxNzQ2MDg0MzQ1LCJqdGkiOiI5MWNkOTNmMzg2N2Q0ODExYmI3MTRiMjNkNWM4NzI3NyIsInVzZXJfaWQiOjMwfQ.GSXPj8xbkDhQ_8efFBa12Jpv1pNnah3G-hZTb_7fCYs	2025-05-01 10:25:45.405303+03	2025-05-08 10:25:45+03	30	91cd93f3867d4811bb714b23d5c87277
23	eyJhbGciOiJIUzI1NiIsInR5cCI6IkpXVCJ9.eyJ0b2tlbl90eXBlIjoicmVmcmVzaCIsImV4cCI6MTc0NjY4OTY1MiwiaWF0IjoxNzQ2MDg0ODUyLCJqdGkiOiJhZGFlNmZlZTgxZjE0NmRjOTg3NmUzOTA0YjM3NWU5ZCIsInVzZXJfaWQiOjMwfQ.GzbBcMPZgwW6Yp_Qdsa7XnxRD3MOS1nHxoZtkZqNAaI	2025-05-01 10:34:12.529896+03	2025-05-08 10:34:12+03	30	adae6fee81f146dc9876e3904b375e9d
24	eyJhbGciOiJIUzI1NiIsInR5cCI6IkpXVCJ9.eyJ0b2tlbl90eXBlIjoicmVmcmVzaCIsImV4cCI6MTc0NjY5MjA2NywiaWF0IjoxNzQ2MDg3MjY3LCJqdGkiOiJlYTQwZTE2MDlmOWE0MTc4YTQ3MDMxMzNmNWJkZGNlOCIsInVzZXJfaWQiOjMwfQ.nd2lckx8uNgj4w2UgPKpJmhpDjNY5EYf_j04NABpE4A	2025-05-01 11:14:27.082881+03	2025-05-08 11:14:27+03	30	ea40e1609f9a4178a4703133f5bddce8
25	eyJhbGciOiJIUzI1NiIsInR5cCI6IkpXVCJ9.eyJ0b2tlbl90eXBlIjoicmVmcmVzaCIsImV4cCI6MTc0NjY5MjEwNiwiaWF0IjoxNzQ2MDg3MzA2LCJqdGkiOiI2ZTI4ZTg4YWQ1MGU0NDI4YjE2MjNkMmIzMmFkNGJmZCIsInVzZXJfaWQiOjMwfQ.eQ2Skcg6A83AQDnkuZcoSXmLasYUMfMheixBI9F8rPc	2025-05-01 11:15:06.498247+03	2025-05-08 11:15:06+03	30	6e28e88ad50e4428b1623d2b32ad4bfd
26	eyJhbGciOiJIUzI1NiIsInR5cCI6IkpXVCJ9.eyJ0b2tlbl90eXBlIjoicmVmcmVzaCIsImV4cCI6MTc0NjY5MjIwNywiaWF0IjoxNzQ2MDg3NDA3LCJqdGkiOiJmMTlkZDUwZWM5OTA0Y2QxODA2ZTU1MTI1MzYzM2VlOSIsInVzZXJfaWQiOjMwfQ.uloPSlbisYiCIGzptd7YVJam-iKzgmrC9e8pCQFx1q0	2025-05-01 11:16:47.492814+03	2025-05-08 11:16:47+03	30	f19dd50ec9904cd1806e551253633ee9
27	eyJhbGciOiJIUzI1NiIsInR5cCI6IkpXVCJ9.eyJ0b2tlbl90eXBlIjoicmVmcmVzaCIsImV4cCI6MTc0NjY5MjQ2OCwiaWF0IjoxNzQ2MDg3NjY4LCJqdGkiOiJiN2RhYjM4ODg0MWE0NmYzODc3ZjUzYzRlMjQ4YWNhMSIsInVzZXJfaWQiOjMwfQ.3kqnMTcJ_c8RWpe0HDwkmpJ8Ad3h7Rc6lP-gFYDmVkE	2025-05-01 11:21:08.614573+03	2025-05-08 11:21:08+03	30	b7dab388841a46f3877f53c4e248aca1
28	eyJhbGciOiJIUzI1NiIsInR5cCI6IkpXVCJ9.eyJ0b2tlbl90eXBlIjoicmVmcmVzaCIsImV4cCI6MTc0NjY5Mjk0MCwiaWF0IjoxNzQ2MDg4MTQwLCJqdGkiOiI3ODlkZGUwZDdlZTM0YmZhYTNhOTNiNjc4Y2QyOGQ0MiIsInVzZXJfaWQiOjMwfQ.whk1UE5z883Ot4OEgWHglxC8ex2lCg2j2KCBypCTC3Y	2025-05-01 11:29:00.929613+03	2025-05-08 11:29:00+03	30	789dde0d7ee34bfaa3a93b678cd28d42
29	eyJhbGciOiJIUzI1NiIsInR5cCI6IkpXVCJ9.eyJ0b2tlbl90eXBlIjoicmVmcmVzaCIsImV4cCI6MTc0NjY5MzAwNiwiaWF0IjoxNzQ2MDg4MjA2LCJqdGkiOiIyOTAxZTA0OGQ4MzU0ZmExOTdmYWIzZGExY2ZjNWE3YiIsInVzZXJfaWQiOjF9.Vd4LcBClCIUj51Sda--6BjjYvqkYRjcO-e8XiUT016k	2025-05-01 11:30:06.235452+03	2025-05-08 11:30:06+03	1	2901e048d8354fa197fab3da1cfc5a7b
30	eyJhbGciOiJIUzI1NiIsInR5cCI6IkpXVCJ9.eyJ0b2tlbl90eXBlIjoicmVmcmVzaCIsImV4cCI6MTc0NjY5MzI5NywiaWF0IjoxNzQ2MDg4NDk3LCJqdGkiOiI2MmQwNzI2NTk3OGU0M2Q1OWNlOGJlZGZjMjhlMWRhMCIsInVzZXJfaWQiOjMwfQ.RyKnKJxGa5pHlQPWbCqqDX55RSI6llqcCeOQOrenf5A	2025-05-01 11:34:57.765062+03	2025-05-08 11:34:57+03	30	62d07265978e43d59ce8bedfc28e1da0
31	eyJhbGciOiJIUzI1NiIsInR5cCI6IkpXVCJ9.eyJ0b2tlbl90eXBlIjoicmVmcmVzaCIsImV4cCI6MTc0NjY5MzgyOCwiaWF0IjoxNzQ2MDg5MDI4LCJqdGkiOiJiYjdjZTc5NWRlOTE0NDM3OGQzZWRmOWFjZjk5MGVkZiIsInVzZXJfaWQiOjMwfQ.eDWiCnS8WmDKhUCv5NB3XPhpaXDpYxdNoW1v5uDu-9Q	2025-05-01 11:43:48.237814+03	2025-05-08 11:43:48+03	30	bb7ce795de9144378d3edf9acf990edf
32	eyJhbGciOiJIUzI1NiIsInR5cCI6IkpXVCJ9.eyJ0b2tlbl90eXBlIjoicmVmcmVzaCIsImV4cCI6MTc0NjY5NDQ5NywiaWF0IjoxNzQ2MDg5Njk3LCJqdGkiOiJhZWUzZmJmOTQ4M2I0ZDJlOTAzMmM1MDg1ZTAwNDYwZiIsInVzZXJfaWQiOjMwfQ.NEUEz3Fo60jPETnYuKBgRvXB9HFTOqmejSnFsOyWsGg	2025-05-01 11:54:57.755505+03	2025-05-08 11:54:57+03	30	aee3fbf9483b4d2e9032c5085e00460f
33	eyJhbGciOiJIUzI1NiIsInR5cCI6IkpXVCJ9.eyJ0b2tlbl90eXBlIjoicmVmcmVzaCIsImV4cCI6MTc0NjY5NTIwOSwiaWF0IjoxNzQ2MDkwNDA5LCJqdGkiOiI0NTljY2ZhZGRjYjU0NmQxODIzZWNhODA0NTdlMWFhMCIsInVzZXJfaWQiOjMwfQ.t1SPDsKPEgfa2bYqg--rZB7XlUiDc1KuXHTqJUet0Jg	2025-05-01 12:06:49.380272+03	2025-05-08 12:06:49+03	30	459ccfaddcb546d1823eca80457e1aa0
34	eyJhbGciOiJIUzI1NiIsInR5cCI6IkpXVCJ9.eyJ0b2tlbl90eXBlIjoicmVmcmVzaCIsImV4cCI6MTc0NjY5NTQxNSwiaWF0IjoxNzQ2MDkwNjE1LCJqdGkiOiJhOWJhMTIxYWIyYzU0OTgwYmFmNTY5MDI4MThlYWI1YiIsInVzZXJfaWQiOjMwfQ.syh6ohP6fj3AqjRWYcOOEPm2h-2T1TqMEv8GCd7-2a8	2025-05-01 12:10:15.256782+03	2025-05-08 12:10:15+03	30	a9ba121ab2c54980baf56902818eab5b
35	eyJhbGciOiJIUzI1NiIsInR5cCI6IkpXVCJ9.eyJ0b2tlbl90eXBlIjoicmVmcmVzaCIsImV4cCI6MTc0NjY5NTgyMSwiaWF0IjoxNzQ2MDkxMDIxLCJqdGkiOiJiODk0OGIyOWEzNjM0NDBkYTIxYjY4MGFmZDVhMTllZSIsInVzZXJfaWQiOjMwfQ.uBaJVdDpm5O0vX3kd0HdA3aPKodwqMNGDGKxBx29t00	2025-05-01 12:17:01.67585+03	2025-05-08 12:17:01+03	30	b8948b29a363440da21b680afd5a19ee
36	eyJhbGciOiJIUzI1NiIsInR5cCI6IkpXVCJ9.eyJ0b2tlbl90eXBlIjoicmVmcmVzaCIsImV4cCI6MTc0NjY5NjI2MSwiaWF0IjoxNzQ2MDkxNDYxLCJqdGkiOiIwMDJiZGY4YTZmY2Q0N2E2YmQ3MzA0NmEwYWJjYTk5ZCIsInVzZXJfaWQiOjMwfQ.hoZkv2_MwpwfAkXszUWpwdK6x0iwYXCHu8EpypMXPlc	2025-05-01 12:24:21.124108+03	2025-05-08 12:24:21+03	30	002bdf8a6fcd47a6bd73046a0abca99d
37	eyJhbGciOiJIUzI1NiIsInR5cCI6IkpXVCJ9.eyJ0b2tlbl90eXBlIjoicmVmcmVzaCIsImV4cCI6MTc0NjY5NjM3NiwiaWF0IjoxNzQ2MDkxNTc2LCJqdGkiOiI4NWQ2ODY1Y2Y3NzQ0NjhjOTk5MTAxMzYwMTBmZWNlOCIsInVzZXJfaWQiOjMwfQ.57gMmDysoe9qp3F7f2lxJRYCQCzVo9OLl3GbI--AXcU	2025-05-01 12:26:16.364048+03	2025-05-08 12:26:16+03	30	85d6865cf774468c99910136010fece8
38	eyJhbGciOiJIUzI1NiIsInR5cCI6IkpXVCJ9.eyJ0b2tlbl90eXBlIjoicmVmcmVzaCIsImV4cCI6MTc0NjY5NjUyMSwiaWF0IjoxNzQ2MDkxNzIxLCJqdGkiOiJlM2RkNzZmMzE1Nzk0YjU0ODM4Mjc2MzM5MWI5Yzk0NiIsInVzZXJfaWQiOjMwfQ.HgY1pU19HIfeGltqSRserdY6MQk7kxHVpzP9vKwHGvk	2025-05-01 12:28:41.568651+03	2025-05-08 12:28:41+03	30	e3dd76f315794b548382763391b9c946
39	eyJhbGciOiJIUzI1NiIsInR5cCI6IkpXVCJ9.eyJ0b2tlbl90eXBlIjoicmVmcmVzaCIsImV4cCI6MTc0Njc4NDAyOSwiaWF0IjoxNzQ2MTc5MjI5LCJqdGkiOiI5ZTgzZGVkOWU4NDU0YThhYTFhMmJkY2I2NmZiZWViNCIsInVzZXJfaWQiOjMwfQ.dWL6swgzhimSWoba4xrufRvynfs99uM4oKHhi6AaEeQ	2025-05-02 12:47:09.140374+03	2025-05-09 12:47:09+03	30	9e83ded9e8454a8aa1a2bdcb66fbeeb4
40	eyJhbGciOiJIUzI1NiIsInR5cCI6IkpXVCJ9.eyJ0b2tlbl90eXBlIjoicmVmcmVzaCIsImV4cCI6MTc0Njc5MjY2NCwiaWF0IjoxNzQ2MTg3ODY0LCJqdGkiOiIzNjExZGY5YzEwNDA0ZmEzODBiNmIwYzk3NTI1MzBjZiIsInVzZXJfaWQiOjMwfQ.l6NsMbw-yyzGRdUFY4shXWN49gNhor0h5ZN-u0eIxpk	2025-05-02 15:11:04.942704+03	2025-05-09 15:11:04+03	30	3611df9c10404fa380b6b0c9752530cf
41	eyJhbGciOiJIUzI1NiIsInR5cCI6IkpXVCJ9.eyJ0b2tlbl90eXBlIjoicmVmcmVzaCIsImV4cCI6MTc0Njc5Mjc2MiwiaWF0IjoxNzQ2MTg3OTYyLCJqdGkiOiI1ZjNmMzdmNGYyNDU0NmUyODkzMTUyOTMyNzc3ODIwMCIsInVzZXJfaWQiOjMwfQ.Z4z6qudfAgHq7TLZsGqJ0qDGQvW6VOls3qMmozyEoPw	2025-05-02 15:12:42.154166+03	2025-05-09 15:12:42+03	30	5f3f37f4f24546e28931529327778200
42	eyJhbGciOiJIUzI1NiIsInR5cCI6IkpXVCJ9.eyJ0b2tlbl90eXBlIjoicmVmcmVzaCIsImV4cCI6MTc0NjgwODcxOCwiaWF0IjoxNzQ2MjAzOTE4LCJqdGkiOiJkODE3ZGMwNTZlZDM0M2MxYjkyNGFhZjkwOTM5Y2JjOCIsInVzZXJfaWQiOjMwfQ.bRWiK19AWCsPaYp6TwjxqTOrlxFc9sUu1abBJbACsHc	2025-05-02 19:38:38.783642+03	2025-05-09 19:38:38+03	30	d817dc056ed343c1b924aaf90939cbc8
43	eyJhbGciOiJIUzI1NiIsInR5cCI6IkpXVCJ9.eyJ0b2tlbl90eXBlIjoicmVmcmVzaCIsImV4cCI6MTc0Njg3Njg2MCwiaWF0IjoxNzQ2MjcyMDYwLCJqdGkiOiJiZDY4YTIzOWQzOTU0ODQzODBlOWUwOThlY2FjNDNiYiIsInVzZXJfaWQiOjMwfQ.mdCemm-sUe2am7rSuvyrvBAbBbst-AAj1gKUzVEBIOU	2025-05-03 14:34:20.229892+03	2025-05-10 14:34:20+03	30	bd68a239d395484380e9e098ecac43bb
44	eyJhbGciOiJIUzI1NiIsInR5cCI6IkpXVCJ9.eyJ0b2tlbl90eXBlIjoicmVmcmVzaCIsImV4cCI6MTc0Njk1MjAyNSwiaWF0IjoxNzQ2MzQ3MjI1LCJqdGkiOiJjY2M0OGNmZGFkOWM0YjgwYTIyMWIyMjg2NzM1MGI3ZCIsInVzZXJfaWQiOjMwfQ.kTq6Hu9HB5xSw5O5C2NKekCzfhwIN88XX-e0tqp2tok	2025-05-04 11:27:05.143303+03	2025-05-11 11:27:05+03	30	ccc48cfdad9c4b80a221b22867350b7d
45	eyJhbGciOiJIUzI1NiIsInR5cCI6IkpXVCJ9.eyJ0b2tlbl90eXBlIjoicmVmcmVzaCIsImV4cCI6MTc0Njk1NTI1NCwiaWF0IjoxNzQ2MzUwNDU0LCJqdGkiOiJjN2RjZTM1NGEzODU0Zjk2YWNkNzA4NGU1OTk1ZDEzOCIsInVzZXJfaWQiOjMwfQ.3HyQnu9utdeH8P_Efvvh1d5RLOspDwI1E1dYlMZsSSA	2025-05-04 12:20:54.031451+03	2025-05-11 12:20:54+03	30	c7dce354a3854f96acd7084e5995d138
46	eyJhbGciOiJIUzI1NiIsInR5cCI6IkpXVCJ9.eyJ0b2tlbl90eXBlIjoicmVmcmVzaCIsImV4cCI6MTc0NzA0MTEyNSwiaWF0IjoxNzQ2NDM2MzI1LCJqdGkiOiIzZGNjZTA5ZThiMWQ0MWYzYmE3NWRkMWY1YThiZWZiNSIsInVzZXJfaWQiOjMwfQ.O5R35B72TiUuENL50eU07hczawsutVpmiBXtb9UdR5g	2025-05-05 12:12:05.771444+03	2025-05-12 12:12:05+03	30	3dcce09e8b1d41f3ba75dd1f5a8befb5
47	eyJhbGciOiJIUzI1NiIsInR5cCI6IkpXVCJ9.eyJ0b2tlbl90eXBlIjoicmVmcmVzaCIsImV4cCI6MTc0NzA0ODAwNSwiaWF0IjoxNzQ2NDQzMjA1LCJqdGkiOiJjYmVlMTgzNTI2OGY0NTkyOTdmZTU1MDVkMzdjOGM2ZCIsInVzZXJfaWQiOjMxfQ.yZY-QacyWGMahkk2NUf_DT4Ti3wsIWfYP6XR47kHrfc	2025-05-05 14:06:45.345575+03	2025-05-12 14:06:45+03	\N	cbee1835268f459297fe5505d37c8c6d
48	eyJhbGciOiJIUzI1NiIsInR5cCI6IkpXVCJ9.eyJ0b2tlbl90eXBlIjoicmVmcmVzaCIsImV4cCI6MTc0NzA0ODAyOSwiaWF0IjoxNzQ2NDQzMjI5LCJqdGkiOiIxOGNiMmUxZDQ1MTU0NGRmODI5MjRjOWJhMDI3YzA1OSIsInVzZXJfaWQiOjMxfQ.yUvonzNn-05T1mYdl5RRCri78Pmz9b2IcvMAIO9VMxc	2025-05-05 14:07:09.307313+03	2025-05-12 14:07:09+03	\N	18cb2e1d451544df82924c9ba027c059
49	eyJhbGciOiJIUzI1NiIsInR5cCI6IkpXVCJ9.eyJ0b2tlbl90eXBlIjoicmVmcmVzaCIsImV4cCI6MTc0NzA0ODk1MywiaWF0IjoxNzQ2NDQ0MTUzLCJqdGkiOiJiZDEyYzFlNTY4MjI0NjQ1YTI4ZDkwZGMzZmUwNWVhMCIsInVzZXJfaWQiOjMyfQ.4JRbvEdYtme4FJC1Jx-3SxRw3fDtqgEeGKkQo4XvBLg	2025-05-05 14:22:33.746916+03	2025-05-12 14:22:33+03	32	bd12c1e568224645a28d90dc3fe05ea0
50	eyJhbGciOiJIUzI1NiIsInR5cCI6IkpXVCJ9.eyJ0b2tlbl90eXBlIjoicmVmcmVzaCIsImV4cCI6MTc0NzA0ODk1NSwiaWF0IjoxNzQ2NDQ0MTU1LCJqdGkiOiIzMmVlMjc0ZWRhNmQ0MWQwYjRmZDBlMmY4OWIwYWNjNSIsInVzZXJfaWQiOjMyfQ.wK0GYfLGzy-ER_ampW1fOaAJAZo4Gn2CnBXsJOGosjE	2025-05-05 14:22:35.260682+03	2025-05-12 14:22:35+03	32	32ee274eda6d41d0b4fd0e2f89b0acc5
51	eyJhbGciOiJIUzI1NiIsInR5cCI6IkpXVCJ9.eyJ0b2tlbl90eXBlIjoicmVmcmVzaCIsImV4cCI6MTc0NzA1NDU3MywiaWF0IjoxNzQ2NDQ5NzczLCJqdGkiOiIxNDU5MTc3MmFiNGM0ZjMwODhlZWY0YzAxYjZiYjVkNiIsInVzZXJfaWQiOjMwfQ.GDkW1HpHetdunIXRmlNXx0XdEmTFjQxTcoEuVPxR1j4	2025-05-05 15:56:13.238709+03	2025-05-12 15:56:13+03	30	14591772ab4c4f3088eef4c01b6bb5d6
52	eyJhbGciOiJIUzI1NiIsInR5cCI6IkpXVCJ9.eyJ0b2tlbl90eXBlIjoicmVmcmVzaCIsImV4cCI6MTc0NzIxMzg2NiwiaWF0IjoxNzQ2NjA5MDY2LCJqdGkiOiI3MzE5MWZhZjdmOWU0NzQ5OGQyZDdhMjBhMGI2YjE1ZSIsInVzZXJfaWQiOjMwfQ.OhJycM1_51blh26sEoSsK7ML1lzm-J_OmsDGlo_qvUY	2025-05-07 12:11:06.095347+03	2025-05-14 12:11:06+03	30	73191faf7f9e47498d2d7a20a0b6b15e
53	eyJhbGciOiJIUzI1NiIsInR5cCI6IkpXVCJ9.eyJ0b2tlbl90eXBlIjoicmVmcmVzaCIsImV4cCI6MTc0NzIxNjM1MCwiaWF0IjoxNzQ2NjExNTUwLCJqdGkiOiIxYmJiNjhhN2ZkOWE0ZWIwYTRjMmRjNzI0NzhlOWRkMSIsInVzZXJfaWQiOjMwfQ.HI9cDR0rLo3jXByLuoZ0uegH7iFK9a6UbdQC4bCa4IY	2025-05-07 12:52:30.575141+03	2025-05-14 12:52:30+03	30	1bbb68a7fd9a4eb0a4c2dc72478e9dd1
54	eyJhbGciOiJIUzI1NiIsInR5cCI6IkpXVCJ9.eyJ0b2tlbl90eXBlIjoicmVmcmVzaCIsImV4cCI6MTc0NzI5MjYxNiwiaWF0IjoxNzQ2Njg3ODE2LCJqdGkiOiJhNDQzZGMwMDdiYmI0OTZlYWQ2MGU0MzI5ZjUyZWUwMiIsInVzZXJfaWQiOjMwfQ.aNcAB3dtWtAt63FBAn-Qtx8FqFjA3q0JuR-mkSMiYqU	2025-05-08 10:03:36.311183+03	2025-05-15 10:03:36+03	30	a443dc007bbb496ead60e4329f52ee02
55	eyJhbGciOiJIUzI1NiIsInR5cCI6IkpXVCJ9.eyJ0b2tlbl90eXBlIjoicmVmcmVzaCIsImV4cCI6MTc0NzM0NDYwNSwiaWF0IjoxNzQ2NzM5ODA1LCJqdGkiOiI0YjRhYzI3MzM1MGE0MGFiYWMzMGMwMzNmMmY4OWNjNyIsInVzZXJfaWQiOjMwfQ.rbVpJO2QXFl3-6e2dEuHbUmuw5jfVoqKNpLR4cbFSvQ	2025-05-09 00:30:05.707604+03	2025-05-16 00:30:05+03	30	4b4ac273350a40abac30c033f2f89cc7
56	eyJhbGciOiJIUzI1NiIsInR5cCI6IkpXVCJ9.eyJ0b2tlbl90eXBlIjoicmVmcmVzaCIsImV4cCI6MTc0NzM5ODE1NCwiaWF0IjoxNzQ2NzkzMzU0LCJqdGkiOiJhMGZkYzliNjM0YmQ0NDc0YmRmNzRhOTk2ZjhhZTcwZSIsInVzZXJfaWQiOjMwfQ.Pr8hZB8KUgyY7HUkLp0egVM0YZnfkUkxFX80eNaruAY	2025-05-09 15:22:34.833592+03	2025-05-16 15:22:34+03	30	a0fdc9b634bd4474bdf74a996f8ae70e
57	eyJhbGciOiJIUzI1NiIsInR5cCI6IkpXVCJ9.eyJ0b2tlbl90eXBlIjoicmVmcmVzaCIsImV4cCI6MTc0NzU2NTA2OCwiaWF0IjoxNzQ2OTYwMjY4LCJqdGkiOiI5OWYyYTMyMWZkMjk0ZmMzOGExNjYzZWUyNGMxMGUzYyIsInVzZXJfaWQiOjMwfQ.R_hHFY9VNef_fyrrE6HJ0ZdNemAGv4ZeA4ohH8LJ26M	2025-05-11 13:44:28.054481+03	2025-05-18 13:44:28+03	30	99f2a321fd294fc38a1663ee24c10e3c
58	eyJhbGciOiJIUzI1NiIsInR5cCI6IkpXVCJ9.eyJ0b2tlbl90eXBlIjoicmVmcmVzaCIsImV4cCI6MTc0NzU2NTgxOCwiaWF0IjoxNzQ2OTYxMDE4LCJqdGkiOiI4OWQyYzdjZTIyMTE0NzYxYjRjMWU5NTM3ZmU5ZGQyZCIsInVzZXJfaWQiOjMwfQ.rlp8gS2gFxbh0EwYBtjIvr8Qhe2EtwLX3XxwbE3N2x8	2025-05-11 13:56:58.101207+03	2025-05-18 13:56:58+03	30	89d2c7ce22114761b4c1e9537fe9dd2d
59	eyJhbGciOiJIUzI1NiIsInR5cCI6IkpXVCJ9.eyJ0b2tlbl90eXBlIjoicmVmcmVzaCIsImV4cCI6MTc0NzU2ODI1MywiaWF0IjoxNzQ2OTYzNDUzLCJqdGkiOiIwODY1ZjU5OGQ5Njk0NDg1ODRmNDhjNWM5OTliMzU0MyIsInVzZXJfaWQiOjMwfQ.3hMfzXabSbgzTtVUl03ZeqPmZegLjmnV8StCVI3XdxQ	2025-05-11 14:37:33.475164+03	2025-05-18 14:37:33+03	30	0865f598d969448584f48c5c999b3543
60	eyJhbGciOiJIUzI1NiIsInR5cCI6IkpXVCJ9.eyJ0b2tlbl90eXBlIjoicmVmcmVzaCIsImV4cCI6MTc0NzU4MzcyOSwiaWF0IjoxNzQ2OTc4OTI5LCJqdGkiOiIxN2M3NDY1ZmM4NGQ0MzE2OGI4NzU0NDQ5MzhjMDI0OCIsInVzZXJfaWQiOjMwfQ.8v6s9Y54o33asb6llnJy9Sea8w13jvgriNmA13cxYlk	2025-05-11 18:55:29.112969+03	2025-05-18 18:55:29+03	30	17c7465fc84d43168b875444938c0248
61	eyJhbGciOiJIUzI1NiIsInR5cCI6IkpXVCJ9.eyJ0b2tlbl90eXBlIjoicmVmcmVzaCIsImV4cCI6MTc0NzU4ODUxNywiaWF0IjoxNzQ2OTgzNzE3LCJqdGkiOiI0ZjYxYmVkNjc1OGQ0MzIwYmYwMjBkZWU2MzFiZjE0YSIsInVzZXJfaWQiOjMwfQ.YacwZjDbtjJLdcZHB0sVulLUoZ3LZpgv3UXbrPyHz3E	2025-05-11 20:15:17.252712+03	2025-05-18 20:15:17+03	30	4f61bed6758d4320bf020dee631bf14a
62	eyJhbGciOiJIUzI1NiIsInR5cCI6IkpXVCJ9.eyJ0b2tlbl90eXBlIjoicmVmcmVzaCIsImV4cCI6MTc0NzU4OTg3NywiaWF0IjoxNzQ2OTg1MDc3LCJqdGkiOiI2Y2NiYjJlNTFlODc0ZWQ0ODFlN2I0ZjZjYWViNGRlMSIsInVzZXJfaWQiOjMwfQ.vOEkhQQciGoy-F3QV6FRSvJm2TOmzfT6eEs2RbgHYZ0	2025-05-11 20:37:57.715889+03	2025-05-18 20:37:57+03	30	6ccbb2e51e874ed481e7b4f6caeb4de1
63	eyJhbGciOiJIUzI1NiIsInR5cCI6IkpXVCJ9.eyJ0b2tlbl90eXBlIjoicmVmcmVzaCIsImV4cCI6MTc0NzU5MTYwNiwiaWF0IjoxNzQ2OTg2ODA2LCJqdGkiOiIwMTM4MjI4MTFiZDc0NGRkOGY1NzBiZGZiNmFiOGI5MiIsInVzZXJfaWQiOjMwfQ.Spi2w1MUfyyfAFjYNnzL3OczUZOi41F0uQFUQlUnUeQ	2025-05-11 21:06:46.876062+03	2025-05-18 21:06:46+03	30	013822811bd744dd8f570bdfb6ab8b92
64	eyJhbGciOiJIUzI1NiIsInR5cCI6IkpXVCJ9.eyJ0b2tlbl90eXBlIjoicmVmcmVzaCIsImV4cCI6MTc0NzY0MDY2OCwiaWF0IjoxNzQ3MDM1ODY4LCJqdGkiOiI4MjZjZWVkYTQ5Mjg0YWVlOGRmODgxMjA4NjAxZmY4ZiIsInVzZXJfaWQiOjMwfQ.32FozSit0LdUOt21LK96CwiGYr-ZG9rwWLlCPAua2ac	2025-05-12 10:44:28.78851+03	2025-05-19 10:44:28+03	30	826ceeda49284aee8df881208601ff8f
65	eyJhbGciOiJIUzI1NiIsInR5cCI6IkpXVCJ9.eyJ0b2tlbl90eXBlIjoicmVmcmVzaCIsImV4cCI6MTc0NzY0NjU1OSwiaWF0IjoxNzQ3MDQxNzU5LCJqdGkiOiJjZjlmN2M0ODc0ZDQ0MTRhOTkzNjQzODI5YTg1YjFjYiIsInVzZXJfaWQiOjMwfQ.0optqFKGS76_AzMbFVdGkfaWoGRkTVVT7K1QCNQG3K8	2025-05-12 12:22:39.737363+03	2025-05-19 12:22:39+03	30	cf9f7c4874d4414a993643829a85b1cb
66	eyJhbGciOiJIUzI1NiIsInR5cCI6IkpXVCJ9.eyJ0b2tlbl90eXBlIjoicmVmcmVzaCIsImV4cCI6MTc0NzcyMTcyMCwiaWF0IjoxNzQ3MTE2OTIwLCJqdGkiOiJlMWY1NzFkNzFmMzM0YjVkOGZjOWE2MDVjN2ZmOTcyZCIsInVzZXJfaWQiOjMwfQ.ZMJT-b-8QIfRHLVFkI9fEQbISD2mHSmoUZ3I_hor_uk	2025-05-13 09:15:20.654327+03	2025-05-20 09:15:20+03	30	e1f571d71f334b5d8fc9a605c7ff972d
67	eyJhbGciOiJIUzI1NiIsInR5cCI6IkpXVCJ9.eyJ0b2tlbl90eXBlIjoicmVmcmVzaCIsImV4cCI6MTc0NzczMjUxNiwiaWF0IjoxNzQ3MTI3NzE2LCJqdGkiOiJjZjE1ZDg4NDlhOWY0ZGYxOWE1NjdlMmYyNDc2MjgyMyIsInVzZXJfaWQiOjMwfQ.7jpDbQV8cnIkQmKdDdGweGLwgQxu87WOFohAzVKMSAI	2025-05-13 12:15:16.832169+03	2025-05-20 12:15:16+03	30	cf15d8849a9f4df19a567e2f24762823
68	eyJhbGciOiJIUzI1NiIsInR5cCI6IkpXVCJ9.eyJ0b2tlbl90eXBlIjoicmVmcmVzaCIsImV4cCI6MTc0NzczMjY2OCwiaWF0IjoxNzQ3MTI3ODY4LCJqdGkiOiI4OGRjY2JmMmU1YjE0ODViODc0YWY4MDk3MWQyNWZkYSIsInVzZXJfaWQiOjMwfQ.MmteGBKXNHoAPsdMzpoZfZUceERf71tGY--eoZObqDk	2025-05-13 12:17:48.90854+03	2025-05-20 12:17:48+03	30	88dccbf2e5b1485b874af80971d25fda
69	eyJhbGciOiJIUzI1NiIsInR5cCI6IkpXVCJ9.eyJ0b2tlbl90eXBlIjoicmVmcmVzaCIsImV4cCI6MTc0NzczMjcyNSwiaWF0IjoxNzQ3MTI3OTI1LCJqdGkiOiI4NWRjYjhmZDRkNTI0OTU4YTFiOTIyY2M3YWQ4NGNkMiIsInVzZXJfaWQiOjMwfQ.P4huen91Rm_TfH4xZjqngpcttjz_5hezHht-kCTNJbk	2025-05-13 12:18:45.445959+03	2025-05-20 12:18:45+03	30	85dcb8fd4d524958a1b922cc7ad84cd2
70	eyJhbGciOiJIUzI1NiIsInR5cCI6IkpXVCJ9.eyJ0b2tlbl90eXBlIjoicmVmcmVzaCIsImV4cCI6MTc0NzczNDA0NiwiaWF0IjoxNzQ3MTI5MjQ2LCJqdGkiOiJiYTNjY2FhNjFhMDg0ZDk2OTQ3MGFkYjczNTY1Y2I2YiIsInVzZXJfaWQiOjMwfQ.GXULqLpSQY3pAugQ2mP20yLKSiD6kObmfnIaG2EqkMQ	2025-05-13 12:40:46.300578+03	2025-05-20 12:40:46+03	30	ba3ccaa61a084d969470adb73565cb6b
71	eyJhbGciOiJIUzI1NiIsInR5cCI6IkpXVCJ9.eyJ0b2tlbl90eXBlIjoicmVmcmVzaCIsImV4cCI6MTc0NzczODY2NywiaWF0IjoxNzQ3MTMzODY3LCJqdGkiOiIyMWU3NDkwMzJiMDU0M2ZhOTliNTI3N2E5MDQzOWJkYiIsInVzZXJfaWQiOjMwfQ.RkBuTpo43_HSucyAh8_IYg8C9onqWUUoAFnDUj1notE	2025-05-13 13:57:47.066622+03	2025-05-20 13:57:47+03	30	21e749032b0543fa99b5277a90439bdb
72	eyJhbGciOiJIUzI1NiIsInR5cCI6IkpXVCJ9.eyJ0b2tlbl90eXBlIjoicmVmcmVzaCIsImV4cCI6MTc0Nzc3MjUzMSwiaWF0IjoxNzQ3MTY3NzMxLCJqdGkiOiIyNmRkMzlmZjkzODY0ZDQyYjNmZGJlOTA0MWIxZmVmNiIsInVzZXJfaWQiOjMwfQ.G-NdJKqLZEUB88G7UKI0_I8_-l9CtUUNBUvMNUrtO0U	2025-05-13 23:22:11.914297+03	2025-05-20 23:22:11+03	30	26dd39ff93864d42b3fdbe9041b1fef6
73	eyJhbGciOiJIUzI1NiIsInR5cCI6IkpXVCJ9.eyJ0b2tlbl90eXBlIjoicmVmcmVzaCIsImV4cCI6MTc0NzgwOTU1NiwiaWF0IjoxNzQ3MjA0NzU2LCJqdGkiOiI3MTAxNjRlOWMyZjI0NGZjYTc0Njg5MWFmNzY1ZTExMCIsInVzZXJfaWQiOjMwfQ.z78M85hH5rT51b6VVypzyMvozd74F1L3EtVozXlmv6Y	2025-05-14 09:39:16.825813+03	2025-05-21 09:39:16+03	30	710164e9c2f244fca746891af765e110
74	eyJhbGciOiJIUzI1NiIsInR5cCI6IkpXVCJ9.eyJ0b2tlbl90eXBlIjoicmVmcmVzaCIsImV4cCI6MTc0NzgxNjE1MywiaWF0IjoxNzQ3MjExMzUzLCJqdGkiOiJjNTMxZjQ4MDg4MTI0MTI1ODljYjVlNTJhMzM2OTBmMCIsInVzZXJfaWQiOjMwfQ.XVD028IHrCeN95JvCeDOfEqc24GRYnTUmFmOfLEOAYo	2025-05-14 11:29:13.177225+03	2025-05-21 11:29:13+03	30	c531f4808812412589cb5e52a33690f0
75	eyJhbGciOiJIUzI1NiIsInR5cCI6IkpXVCJ9.eyJ0b2tlbl90eXBlIjoicmVmcmVzaCIsImV4cCI6MTc0NzgyMjU3MCwiaWF0IjoxNzQ3MjE3NzcwLCJqdGkiOiIwYWNhMzI0NDI2ZTI0OWYzOTAwYzkxYmY5YTE1MzNhYyIsInVzZXJfaWQiOjMwfQ.172BBO0R0nd_Fs-wp1TlMOGyDUMDnt2_XnVjjaDqu6k	2025-05-14 13:16:10.754914+03	2025-05-21 13:16:10+03	30	0aca324426e249f3900c91bf9a1533ac
76	eyJhbGciOiJIUzI1NiIsInR5cCI6IkpXVCJ9.eyJ0b2tlbl90eXBlIjoicmVmcmVzaCIsImV4cCI6MTc0NzgyNTUwNCwiaWF0IjoxNzQ3MjIwNzA0LCJqdGkiOiIwMjcyM2FmYjRiMzQ0ODU5OTllYTEwZmNkMmE5NDNmMSIsInVzZXJfaWQiOjMwfQ.Yx0OHvJ_ltjaldbgl0MZqY7BLuFOYVB2y-u89VEyOns	2025-05-14 14:05:04.867856+03	2025-05-21 14:05:04+03	30	02723afb4b34485999ea10fcd2a943f1
77	eyJhbGciOiJIUzI1NiIsInR5cCI6IkpXVCJ9.eyJ0b2tlbl90eXBlIjoicmVmcmVzaCIsImV4cCI6MTc0NzgzOTc0OSwiaWF0IjoxNzQ3MjM0OTQ5LCJqdGkiOiI0MzdmNmQzMDIxOGU0YTJmODIwNzhmNzhjYjRkZGI0YiIsInVzZXJfaWQiOjMwfQ.aoZ-b2UMSiaClBrKIUwZbpUc4SSkO-95XmnjUOTHw68	2025-05-14 18:02:29.986772+03	2025-05-21 18:02:29+03	30	437f6d30218e4a2f82078f78cb4ddb4b
78	eyJhbGciOiJIUzI1NiIsInR5cCI6IkpXVCJ9.eyJ0b2tlbl90eXBlIjoicmVmcmVzaCIsImV4cCI6MTc0ODE0NzMyOSwiaWF0IjoxNzQ3NTQyNTI5LCJqdGkiOiI5ZWMwMDI2MDQyMDM0NWUwYWQ1YzQzMWUyNmQ5NjRhZiIsInVzZXJfaWQiOjMwfQ.gwB5XpNK0ksyGMIoCLcF08ESWf6RIzb_6BtMFX26jTY	2025-05-18 07:28:49.471247+03	2025-05-25 07:28:49+03	30	9ec00260420345e0ad5c431e26d964af
79	eyJhbGciOiJIUzI1NiIsInR5cCI6IkpXVCJ9.eyJ0b2tlbl90eXBlIjoicmVmcmVzaCIsImV4cCI6MTc0ODE2NjMzMCwiaWF0IjoxNzQ3NTYxNTMwLCJqdGkiOiI5YjE3NzRjN2MzMjU0YzNmYThjMzIyYjVmZDk5NmExNyIsInVzZXJfaWQiOjMwfQ.N0X4ifRk4om4G9EuTCqoBOLYfeq2mUhInLZgGwjUfjI	2025-05-18 12:45:30.298832+03	2025-05-25 12:45:30+03	30	9b1774c7c3254c3fa8c322b5fd996a17
80	eyJhbGciOiJIUzI1NiIsInR5cCI6IkpXVCJ9.eyJ0b2tlbl90eXBlIjoicmVmcmVzaCIsImV4cCI6MTc0ODE2NjgxNSwiaWF0IjoxNzQ3NTYyMDE1LCJqdGkiOiI2OTk0OWE3OWI0YjY0YzJmOTc3NzJkZjEyYzU3Yjg3OCIsInVzZXJfaWQiOjMwfQ.170WAAiCEwfaZ50JDdNqipQR2ZsZW39_5U5U0M-IT5Q	2025-05-18 12:53:35.733271+03	2025-05-25 12:53:35+03	30	69949a79b4b64c2f97772df12c57b878
81	eyJhbGciOiJIUzI1NiIsInR5cCI6IkpXVCJ9.eyJ0b2tlbl90eXBlIjoicmVmcmVzaCIsImV4cCI6MTc0ODI0MjQxMiwiaWF0IjoxNzQ3NjM3NjEyLCJqdGkiOiJkY2U1YjM4MDg1Y2M0M2JiOTBkYmYzNDg3OWQwZGYwZCIsInVzZXJfaWQiOjMwfQ.1hGP2VcJFFocekzlpWChApLZbRohahnVpTp9IEZxnpI	2025-05-19 09:53:32.897584+03	2025-05-26 09:53:32+03	30	dce5b38085cc43bb90dbf34879d0df0d
82	eyJhbGciOiJIUzI1NiIsInR5cCI6IkpXVCJ9.eyJ0b2tlbl90eXBlIjoicmVmcmVzaCIsImV4cCI6MTc0ODI0OTI2NiwiaWF0IjoxNzQ3NjQ0NDY2LCJqdGkiOiJkM2NjYTc1ZjUwOTE0YjA1ODFkMGE0ZDlkZTkxY2Q2ZiIsInVzZXJfaWQiOjMwfQ.SvTGAd0Nrd1K7RTAluaFnO9E3JDl2-zYIwXXmDOAibs	2025-05-19 11:47:46.134231+03	2025-05-26 11:47:46+03	30	d3cca75f50914b0581d0a4d9de91cd6f
83	eyJhbGciOiJIUzI1NiIsInR5cCI6IkpXVCJ9.eyJ0b2tlbl90eXBlIjoicmVmcmVzaCIsImV4cCI6MTc0ODI2OTgyNiwiaWF0IjoxNzQ3NjY1MDI2LCJqdGkiOiJkNzhkZWY3M2E5MzQ0NDYyOGFhMzBiNTk5MGUzNjcxMyIsInVzZXJfaWQiOjMwfQ.zq81sX3xF_HoUltNAqYyDCf2OYfR7qz_WERw9mquaL0	2025-05-19 17:30:26.653814+03	2025-05-26 17:30:26+03	30	d78def73a93444628aa30b5990e36713
84	eyJhbGciOiJIUzI1NiIsInR5cCI6IkpXVCJ9.eyJ0b2tlbl90eXBlIjoicmVmcmVzaCIsImV4cCI6MTc0ODMyMjA1MCwiaWF0IjoxNzQ3NzE3MjUwLCJqdGkiOiIyMWQwZjNkMmJkYjM0YWRmOGZmNDMwMDk4NTRkMWVmYiIsInVzZXJfaWQiOjMwfQ.JEmTRqZ-98ZQ7ViRKCPYr_Y9xLrGGBP6qceSxFZg4jk	2025-05-20 08:00:50.015652+03	2025-05-27 08:00:50+03	30	21d0f3d2bdb34adf8ff43009854d1efb
85	eyJhbGciOiJIUzI1NiIsInR5cCI6IkpXVCJ9.eyJ0b2tlbl90eXBlIjoicmVmcmVzaCIsImV4cCI6MTc0ODMzMTIzOCwiaWF0IjoxNzQ3NzI2NDM4LCJqdGkiOiIxNzIxM2IxZDQ0NWM0Y2M3OWI0MDBkMGM3MzhmNmU2NiIsInVzZXJfaWQiOjMwfQ.eYMetnlWVxU41dD5HYLTQTyVg2rmdULKLOp1p4BXDDQ	2025-05-20 10:33:58.816194+03	2025-05-27 10:33:58+03	30	17213b1d445c4cc79b400d0c738f6e66
86	eyJhbGciOiJIUzI1NiIsInR5cCI6IkpXVCJ9.eyJ0b2tlbl90eXBlIjoicmVmcmVzaCIsImV4cCI6MTc0ODM3NjI0OSwiaWF0IjoxNzQ3NzcxNDQ5LCJqdGkiOiIwNGYzODMxMTRhZGQ0ZmUyYjNmM2IzOTVjMTdiNjIyZSIsInVzZXJfaWQiOjF9.XRRXH4LcAdKYA1PNAnFlFqdKhtIJm9QUFUnUMN889eM	2025-05-20 23:04:09.391414+03	2025-05-27 23:04:09+03	1	04f383114add4fe2b3f3b395c17b622e
87	eyJhbGciOiJIUzI1NiIsInR5cCI6IkpXVCJ9.eyJ0b2tlbl90eXBlIjoicmVmcmVzaCIsImV4cCI6MTc0ODQyNjMyMCwiaWF0IjoxNzQ3ODIxNTIwLCJqdGkiOiIwODBjYzgzOTdlY2Y0YTE4ODY5MzA1Yjc0NWUyYTUyZSIsInVzZXJfaWQiOjMwfQ.a7Gox7RbIFXaynmyMDNA23LRxU8cBnM8WIDQJUY-fPo	2025-05-21 12:58:40.194075+03	2025-05-28 12:58:40+03	30	080cc8397ecf4a18869305b745e2a52e
88	eyJhbGciOiJIUzI1NiIsInR5cCI6IkpXVCJ9.eyJ0b2tlbl90eXBlIjoicmVmcmVzaCIsImV4cCI6MTc0ODUyNjI3MywiaWF0IjoxNzQ3OTIxNDczLCJqdGkiOiIwOTFkZTgxMjQ3NjI0OGI5OWU0MzA1MjhiMjg2MjYyNyIsInVzZXJfaWQiOjMwfQ.RtLw6Jc6PgvQ1pkMquMNyLy4tHl5k6_GFUyNJSh1nIY	2025-05-22 16:44:33.226624+03	2025-05-29 16:44:33+03	30	091de812476248b99e430528b2862627
89	eyJhbGciOiJIUzI1NiIsInR5cCI6IkpXVCJ9.eyJ0b2tlbl90eXBlIjoicmVmcmVzaCIsImV4cCI6MTc0ODU5MjE2MSwiaWF0IjoxNzQ3OTg3MzYxLCJqdGkiOiJjY2U3ZDAxY2UzNWQ0Y2YzOTU3ZWVlOTQ2ZTc1MTVlZCIsInVzZXJfaWQiOjMwfQ.fd0DTYetSdGanvBaNfXB3J_Ca_22mlNQGKbgoSm_Dgg	2025-05-23 11:02:41.990632+03	2025-05-30 11:02:41+03	30	cce7d01ce35d4cf3957eee946e7515ed
90	eyJhbGciOiJIUzI1NiIsInR5cCI6IkpXVCJ9.eyJ0b2tlbl90eXBlIjoicmVmcmVzaCIsImV4cCI6MTc0ODU5MjY2NywiaWF0IjoxNzQ3OTg3ODY3LCJqdGkiOiI1NjBlYjdiYzg5Njc0NzI2OTdhMDNkY2ZhZDhhOTk2ZSIsInVzZXJfaWQiOjMwfQ.E-LE7rctZTayG4ilni0TtARuJpKm2yzfWUoFZhwASQw	2025-05-23 11:11:07.966199+03	2025-05-30 11:11:07+03	30	560eb7bc8967472697a03dcfad8a996e
91	eyJhbGciOiJIUzI1NiIsInR5cCI6IkpXVCJ9.eyJ0b2tlbl90eXBlIjoicmVmcmVzaCIsImV4cCI6MTc0ODU5ODYwMCwiaWF0IjoxNzQ3OTkzODAwLCJqdGkiOiIxOGViMTEwMjhjOGI0MzU2YTU3ODNlYTI0MDgzNWE1NSIsInVzZXJfaWQiOjMwfQ.K7UrDsi4Rmjj6ZdQ3V89Z4EVBSarZuBrTdUn5U8vJ-k	2025-05-23 12:50:00.082543+03	2025-05-30 12:50:00+03	30	18eb11028c8b4356a5783ea240835a55
92	eyJhbGciOiJIUzI1NiIsInR5cCI6IkpXVCJ9.eyJ0b2tlbl90eXBlIjoicmVmcmVzaCIsImV4cCI6MTc0ODYwODQ3MiwiaWF0IjoxNzQ4MDAzNjcyLCJqdGkiOiJiNWNhYTdmZTE0NDQ0YmZiOGM1OTI1MTVjOTAzN2E1NyIsInVzZXJfaWQiOjMwfQ.3v308kGlL8XoClyPHL5GPCP56VzP_5gHPqFAJRDviTQ	2025-05-23 15:34:32.304934+03	2025-05-30 15:34:32+03	30	b5caa7fe14444bfb8c592515c9037a57
93	eyJhbGciOiJIUzI1NiIsInR5cCI6IkpXVCJ9.eyJ0b2tlbl90eXBlIjoicmVmcmVzaCIsImV4cCI6MTc0ODY3MjE0MywiaWF0IjoxNzQ4MDY3MzQzLCJqdGkiOiI1OTA2ODU3NTAzODU0MTVjOTAyZmJjYzNlNDQ2OWRkYSIsInVzZXJfaWQiOjMwfQ.FTdJb6tSOFknDw1i02j0GmOJwnAjFhwNCLWCTLy8iv8	2025-05-24 09:15:43.501668+03	2025-05-31 09:15:43+03	30	590685750385415c902fbcc3e4469dda
94	eyJhbGciOiJIUzI1NiIsInR5cCI6IkpXVCJ9.eyJ0b2tlbl90eXBlIjoicmVmcmVzaCIsImV4cCI6MTc0ODY3NDMxOSwiaWF0IjoxNzQ4MDY5NTE5LCJqdGkiOiIyZDdkZmVmZjAyOTM0MTNhODY3ZDliZGJhN2Y4ZWUzYyIsInVzZXJfaWQiOjMwfQ.Ot1K9IbCHC1j70Q_PRxDyVjpyoDXENukiUG3U2Vjwd4	2025-05-24 09:51:59.557832+03	2025-05-31 09:51:59+03	30	2d7dfeff0293413a867d9bdba7f8ee3c
95	eyJhbGciOiJIUzI1NiIsInR5cCI6IkpXVCJ9.eyJ0b2tlbl90eXBlIjoicmVmcmVzaCIsImV4cCI6MTc0ODY4MjM4MywiaWF0IjoxNzQ4MDc3NTgzLCJqdGkiOiI2NmVhZjA2OWE3YWI0ZmE2OWU1NTMxNjc1NjYxYjg5ZSIsInVzZXJfaWQiOjMwfQ.ahNlFUiuuRyGQ6Gahy0ry3PylnHsqolnpymDxWPn_eE	2025-05-24 12:06:23.535738+03	2025-05-31 12:06:23+03	30	66eaf069a7ab4fa69e5531675661b89e
96	eyJhbGciOiJIUzI1NiIsInR5cCI6IkpXVCJ9.eyJ0b2tlbl90eXBlIjoicmVmcmVzaCIsImV4cCI6MTc0ODY4OTcwNCwiaWF0IjoxNzQ4MDg0OTA0LCJqdGkiOiI3ZjE3OGQ4MTUyNGU0NmIzOTFiYzI1YWUzNzU5YzFlYSIsInVzZXJfaWQiOjF9._VperPXymD-Htbrc36wSO0MPJYDskzF5jeguBj2G8Jo	2025-05-24 14:08:24.314512+03	2025-05-31 14:08:24+03	1	7f178d81524e46b391bc25ae3759c1ea
97	eyJhbGciOiJIUzI1NiIsInR5cCI6IkpXVCJ9.eyJ0b2tlbl90eXBlIjoicmVmcmVzaCIsImV4cCI6MTc0ODY4OTg1OCwiaWF0IjoxNzQ4MDg1MDU4LCJqdGkiOiJjMGYxM2ZkY2Y3YTA0MzVhOGU2MzA5NTY0ZjFiZmMwZCIsInVzZXJfaWQiOjMwfQ.sRFXyKWNypPK2ktms7LbbCjPe6_lnj4-Utcai-zedTQ	2025-05-24 14:10:58.321559+03	2025-05-31 14:10:58+03	30	c0f13fdcf7a0435a8e6309564f1bfc0d
98	eyJhbGciOiJIUzI1NiIsInR5cCI6IkpXVCJ9.eyJ0b2tlbl90eXBlIjoicmVmcmVzaCIsImV4cCI6MTc0ODcwNjE3MiwiaWF0IjoxNzQ4MTAxMzcyLCJqdGkiOiI4NjVkZDQ2ZGFjYmY0MzkzYmQwNDA1MzhiMWI2MzQ5MCIsInVzZXJfaWQiOjMwfQ.m9M6VNKZjWYuiLBgmr2RTcpYXjtsahaEsM7lpZR_54E	2025-05-24 18:42:52.572249+03	2025-05-31 18:42:52+03	30	865dd46dacbf4393bd040538b1b63490
99	eyJhbGciOiJIUzI1NiIsInR5cCI6IkpXVCJ9.eyJ0b2tlbl90eXBlIjoicmVmcmVzaCIsImV4cCI6MTc0ODcwNjkzMSwiaWF0IjoxNzQ4MTAyMTMxLCJqdGkiOiIxYmQzOGRiNjU0ZTQ0N2YyOGExOWY0MGQwNmI5MWM4MCIsInVzZXJfaWQiOjMwfQ.Ax3_7U5GtHPKVTqtEhnQ4yeF-o0hbMYSv0pM6GBrOcU	2025-05-24 18:55:31.274975+03	2025-05-31 18:55:31+03	30	1bd38db654e447f28a19f40d06b91c80
100	eyJhbGciOiJIUzI1NiIsInR5cCI6IkpXVCJ9.eyJ0b2tlbl90eXBlIjoicmVmcmVzaCIsImV4cCI6MTc0ODcwNzgyNSwiaWF0IjoxNzQ4MTAzMDI1LCJqdGkiOiIxYTI5MWM0YzJjOTQ0OTgzODZhYjRkYTg1YmRkM2YyYyIsInVzZXJfaWQiOjMwfQ.gIslBkOJbz90Eq33XOymS5nGt1E-0t9qKup1NieXj3A	2025-05-24 19:10:25.665887+03	2025-05-31 19:10:25+03	30	1a291c4c2c94498386ab4da85bdd3f2c
101	eyJhbGciOiJIUzI1NiIsInR5cCI6IkpXVCJ9.eyJ0b2tlbl90eXBlIjoicmVmcmVzaCIsImV4cCI6MTc0ODcwODgxMCwiaWF0IjoxNzQ4MTA0MDEwLCJqdGkiOiI2ZTgwNmMxNmUzNGY0OWI5ODY1OWEyYzI2NjY2MzE3NSIsInVzZXJfaWQiOjMwfQ.eZpQL36dD7JtgK294pQ7F1ZNnMK67DGNiaE2aLVklxY	2025-05-24 19:26:50.971315+03	2025-05-31 19:26:50+03	30	6e806c16e34f49b98659a2c266663175
102	eyJhbGciOiJIUzI1NiIsInR5cCI6IkpXVCJ9.eyJ0b2tlbl90eXBlIjoicmVmcmVzaCIsImV4cCI6MTc0ODcwODgzMywiaWF0IjoxNzQ4MTA0MDMzLCJqdGkiOiI3MzdhYTZhZTZkYWE0OGNhYjhkNzNjMGNhYmIzZTg4NSIsInVzZXJfaWQiOjMwfQ.o2iamPM93Ey8qkV17wKuED4GNbJJIilWEf2oOT8__48	2025-05-24 19:27:13.781132+03	2025-05-31 19:27:13+03	30	737aa6ae6daa48cab8d73c0cabb3e885
103	eyJhbGciOiJIUzI1NiIsInR5cCI6IkpXVCJ9.eyJ0b2tlbl90eXBlIjoicmVmcmVzaCIsImV4cCI6MTc0ODcwODg0NCwiaWF0IjoxNzQ4MTA0MDQ0LCJqdGkiOiJlNWNiNmZhMjI3Mjc0YWIyODAyZjU3ZTE3YWRkNmZhZCIsInVzZXJfaWQiOjMwfQ.T5aH16Zoo8n-AMtmB0BpB3kWQwHFnuBN99TwfM0__DE	2025-05-24 19:27:24.912554+03	2025-05-31 19:27:24+03	30	e5cb6fa227274ab2802f57e17add6fad
104	eyJhbGciOiJIUzI1NiIsInR5cCI6IkpXVCJ9.eyJ0b2tlbl90eXBlIjoicmVmcmVzaCIsImV4cCI6MTc0ODcwOTY0MCwiaWF0IjoxNzQ4MTA0ODQwLCJqdGkiOiIwM2ZjOTJlODM3Mjc0NWY3YmIwYzVlNDI4ZDFiY2I2NiIsInVzZXJfaWQiOjMwfQ.iZLIlWCZnVjxItjn7xhzNZwZd9JUl_z7QHiTsVBNgrs	2025-05-24 19:40:40.340233+03	2025-05-31 19:40:40+03	30	03fc92e8372745f7bb0c5e428d1bcb66
105	eyJhbGciOiJIUzI1NiIsInR5cCI6IkpXVCJ9.eyJ0b2tlbl90eXBlIjoicmVmcmVzaCIsImV4cCI6MTc0ODcwOTkzMiwiaWF0IjoxNzQ4MTA1MTMyLCJqdGkiOiJiMWRlMDZjNTE0ZTM0ODBhOWQxNjE4MDZlNmRhMTE2YyIsInVzZXJfaWQiOjMwfQ.avgQnvmSruRYzvVewM5IBn314whkatZr_3AZbo66v54	2025-05-24 19:45:32.493414+03	2025-05-31 19:45:32+03	30	b1de06c514e3480a9d161806e6da116c
106	eyJhbGciOiJIUzI1NiIsInR5cCI6IkpXVCJ9.eyJ0b2tlbl90eXBlIjoicmVmcmVzaCIsImV4cCI6MTc0ODcwOTk2MSwiaWF0IjoxNzQ4MTA1MTYxLCJqdGkiOiI1NDg5MGZiYWM5ODk0Mzk0YjY3ZDkzMTAwNTk1YjFiZSIsInVzZXJfaWQiOjMwfQ._PemshGJRiu-TPLt6hMk-J5QXd2r3WjSTxmXoczRHNQ	2025-05-24 19:46:01.522173+03	2025-05-31 19:46:01+03	30	54890fbac9894394b67d93100595b1be
107	eyJhbGciOiJIUzI1NiIsInR5cCI6IkpXVCJ9.eyJ0b2tlbl90eXBlIjoicmVmcmVzaCIsImV4cCI6MTc0ODcxMDIyNiwiaWF0IjoxNzQ4MTA1NDI2LCJqdGkiOiI1ZGM5YTc1NmU5NWE0ZDAwYjM2NjcyMDQ5NzAyMTFhYyIsInVzZXJfaWQiOjMwfQ.OOPKbx75a2SsnRaawqDJoa6iLeqfcxY0NkxYNFIywrE	2025-05-24 19:50:26.581777+03	2025-05-31 19:50:26+03	30	5dc9a756e95a4d00b3667204970211ac
108	eyJhbGciOiJIUzI1NiIsInR5cCI6IkpXVCJ9.eyJ0b2tlbl90eXBlIjoicmVmcmVzaCIsImV4cCI6MTc0ODcxODE3OCwiaWF0IjoxNzQ4MTEzMzc4LCJqdGkiOiJiMmFhODYyMDRiZGI0M2IxODA2ZDJlZTQxM2M3MTIyMSIsInVzZXJfaWQiOjMwfQ.Rc0vEKKvrAdClyFopousns2Lt5O4BBQ37D8DbzuMZBE	2025-05-24 22:02:58.623268+03	2025-05-31 22:02:58+03	30	b2aa86204bdb43b1806d2ee413c71221
141	eyJhbGciOiJIUzI1NiIsInR5cCI6IkpXVCJ9.eyJ0b2tlbl90eXBlIjoicmVmcmVzaCIsImV4cCI6MTc0ODgwMTY1NSwiaWF0IjoxNzQ4MTk2ODU1LCJqdGkiOiJiZDg1YTY4ZWY4ZjI0OWMwOTY5ZDQ1ODFhM2Q0ZDczMiIsInVzZXJfaWQiOjMwfQ.dYkFmQg6Q1OpUkBiXHkAPq2lF4JlXeBtMQKf9FInCOM	2025-05-25 21:14:15.446861+03	2025-06-01 21:14:15+03	30	bd85a68ef8f249c0969d4581a3d4d732
142	eyJhbGciOiJIUzI1NiIsInR5cCI6IkpXVCJ9.eyJ0b2tlbl90eXBlIjoicmVmcmVzaCIsImV4cCI6MTc0ODg0NDM5NiwiaWF0IjoxNzQ4MjM5NTk2LCJqdGkiOiIzNWIzMWVhY2IwNzM0NjYzOTVjMDA0ZWQ0NDM0ZDQyZCIsInVzZXJfaWQiOjMwfQ.01UPMl9Js-dFzpLH_8TFKxn_al9CC0BitTm6hZhN_24	2025-05-26 09:06:36.30581+03	2025-06-02 09:06:36+03	30	35b31eacb073466395c004ed4434d42d
143	eyJhbGciOiJIUzI1NiIsInR5cCI6IkpXVCJ9.eyJ0b2tlbl90eXBlIjoicmVmcmVzaCIsImV4cCI6MTc0ODg0NzM2MSwiaWF0IjoxNzQ4MjQyNTYxLCJqdGkiOiI2ODhmYjJmZjE4MDA0NDgyOTYyZmI1Y2FiNjc1ZmQxNiIsInVzZXJfaWQiOjMwfQ.--TK-6OBfYSc-xOyIjFlwha_u5hLQ9K4J7T8vzUr2TA	2025-05-26 09:56:01.13152+03	2025-06-02 09:56:01+03	30	688fb2ff18004482962fb5cab675fd16
144	eyJhbGciOiJIUzI1NiIsInR5cCI6IkpXVCJ9.eyJ0b2tlbl90eXBlIjoicmVmcmVzaCIsImV4cCI6MTc0OTAwNzI2NCwiaWF0IjoxNzQ4NDAyNDY0LCJqdGkiOiI4Yzc5Yzc4M2NlMDI0MjZmOTdjNjczNWY1NmJhMDEyYyIsInVzZXJfaWQiOjMwfQ.aIuE95KqIEykaJ6pWCkwpkwNetF7WOPsPfNGKgoEWX4	2025-05-28 06:21:04.792344+03	2025-06-04 06:21:04+03	30	8c79c783ce02426f97c6735f56ba012c
145	eyJhbGciOiJIUzI1NiIsInR5cCI6IkpXVCJ9.eyJ0b2tlbl90eXBlIjoicmVmcmVzaCIsImV4cCI6MTc0OTAwNzMzNiwiaWF0IjoxNzQ4NDAyNTM2LCJqdGkiOiJiOGM0NDM1YzEyMTc0YzczYWRhYmYyMGI2MDJmNWIyNSIsInVzZXJfaWQiOjMwfQ.lCKweNYjXWZRCNdnLrdHNSjv6zRpsqseDMw5XSrrOCw	2025-05-28 06:22:16.703229+03	2025-06-04 06:22:16+03	30	b8c4435c12174c73adabf20b602f5b25
146	eyJhbGciOiJIUzI1NiIsInR5cCI6IkpXVCJ9.eyJ0b2tlbl90eXBlIjoicmVmcmVzaCIsImV4cCI6MTc0OTAwNzUzNiwiaWF0IjoxNzQ4NDAyNzM2LCJqdGkiOiJlZDBmMTUwMGIyNjY0NDU3YTVmZTVkMDM5MzE2MDM4OSIsInVzZXJfaWQiOjMwfQ.R8Gz2iwIc03zm9tZt6le_TZ7x5ZU74FlIG1RI7cLbJY	2025-05-28 06:25:36.035719+03	2025-06-04 06:25:36+03	30	ed0f1500b2664457a5fe5d0393160389
147	eyJhbGciOiJIUzI1NiIsInR5cCI6IkpXVCJ9.eyJ0b2tlbl90eXBlIjoicmVmcmVzaCIsImV4cCI6MTc0OTAwNzU1MiwiaWF0IjoxNzQ4NDAyNzUyLCJqdGkiOiI1MTlhNzVkOWUzMDA0Nzg0YWZjNTc0MTNkZjgyYjdlOSIsInVzZXJfaWQiOjF9.8YnplAo6EgmjWuH12hQEgdn6e04SfdrcgYlmfFRKO-4	2025-05-28 06:25:52.752833+03	2025-06-04 06:25:52+03	1	519a75d9e3004784afc57413df82b7e9
148	eyJhbGciOiJIUzI1NiIsInR5cCI6IkpXVCJ9.eyJ0b2tlbl90eXBlIjoicmVmcmVzaCIsImV4cCI6MTc0OTAwNzU5NCwiaWF0IjoxNzQ4NDAyNzk0LCJqdGkiOiJiYzU5YTI3YWQ5ZTA0YjdhOGRmN2MzNDQ3OTM5OTUzMCIsInVzZXJfaWQiOjMwfQ.QZknA9YRevIvyrXACbq0lrICFOpsN42T8yzXBl-BUsA	2025-05-28 06:26:34.388233+03	2025-06-04 06:26:34+03	30	bc59a27ad9e04b7a8df7c34479399530
149	eyJhbGciOiJIUzI1NiIsInR5cCI6IkpXVCJ9.eyJ0b2tlbl90eXBlIjoicmVmcmVzaCIsImV4cCI6MTc0OTAwNzYxNywiaWF0IjoxNzQ4NDAyODE3LCJqdGkiOiJlMzc5MTdmN2ExMDU0ZTM5YTgzYmNlZjczMTZlZGE3YiIsInVzZXJfaWQiOjF9.zSog-p9JRkmPonXOuT1okoiX0d4wKzJaZjPr9gtCHbU	2025-05-28 06:26:57.074659+03	2025-06-04 06:26:57+03	1	e37917f7a1054e39a83bcef7316eda7b
150	eyJhbGciOiJIUzI1NiIsInR5cCI6IkpXVCJ9.eyJ0b2tlbl90eXBlIjoicmVmcmVzaCIsImV4cCI6MTc0OTAwNzY4NSwiaWF0IjoxNzQ4NDAyODg1LCJqdGkiOiIyNTg5NGZhNWEwMmY0ODY5YmY3NWZjYTBiZjUzNTA2MSIsInVzZXJfaWQiOjMwfQ.1cCUZCafuzAecO7LR4mUdPXyoU36JLiht1x0PO3jvko	2025-05-28 06:28:05.639803+03	2025-06-04 06:28:05+03	30	25894fa5a02f4869bf75fca0bf535061
151	eyJhbGciOiJIUzI1NiIsInR5cCI6IkpXVCJ9.eyJ0b2tlbl90eXBlIjoicmVmcmVzaCIsImV4cCI6MTc0OTAzMDI1MSwiaWF0IjoxNzQ4NDI1NDUxLCJqdGkiOiJjNDhiNDYyZTAxMGU0MGYyODVjZjUwY2FmNDNmMGM4MyIsInVzZXJfaWQiOjMwfQ.k4h1pOJeo1D8dVNzm9rhhXzKAon4tXs99aEfrILbWmQ	2025-05-28 12:44:11.494286+03	2025-06-04 12:44:11+03	30	c48b462e010e40f285cf50caf43f0c83
152	eyJhbGciOiJIUzI1NiIsInR5cCI6IkpXVCJ9.eyJ0b2tlbl90eXBlIjoicmVmcmVzaCIsImV4cCI6MTc0OTAzMzQ2OSwiaWF0IjoxNzQ4NDI4NjY5LCJqdGkiOiIwY2Y1MTFhOTE4ZjU0NTZhODQ3Zjc1YzViNTc1ZTNlZiIsInVzZXJfaWQiOjF9.1aE0S_bgXFBBy5a1nm3Xg_BKBF4uyftqxAopWuC4uTA	2025-05-28 13:37:49.756932+03	2025-06-04 13:37:49+03	1	0cf511a918f5456a847f75c5b575e3ef
153	eyJhbGciOiJIUzI1NiIsInR5cCI6IkpXVCJ9.eyJ0b2tlbl90eXBlIjoicmVmcmVzaCIsImV4cCI6MTc0OTA0NjIwOSwiaWF0IjoxNzQ4NDQxNDA5LCJqdGkiOiI4NDQyY2U0NWUxOTg0YjM1OWU3NGQzNGViNzk4ODZhZSIsInVzZXJfaWQiOjMwfQ.BbUtAuPkM_NGa9Pkdl1SwVL6yhVi9zfXao1qxzIN4-A	2025-05-28 17:10:09.696741+03	2025-06-04 17:10:09+03	30	8442ce45e1984b359e74d34eb79886ae
154	eyJhbGciOiJIUzI1NiIsInR5cCI6IkpXVCJ9.eyJ0b2tlbl90eXBlIjoicmVmcmVzaCIsImV4cCI6MTc0OTA1NDUyNSwiaWF0IjoxNzQ4NDQ5NzI1LCJqdGkiOiI1ZGExYjcyZTI4MDQ0ZDY4OGFiN2VlMGU3MjViZmFhNyIsInVzZXJfaWQiOjMwfQ.MT23QPgk57VPjU6ACYmw3DxufQWnKSKih_1k9mr-6pI	2025-05-28 19:28:45.490591+03	2025-06-04 19:28:45+03	30	5da1b72e28044d688ab7ee0e725bfaa7
155	eyJhbGciOiJIUzI1NiIsInR5cCI6IkpXVCJ9.eyJ0b2tlbl90eXBlIjoicmVmcmVzaCIsImV4cCI6MTc0OTA1NDU0MCwiaWF0IjoxNzQ4NDQ5NzQwLCJqdGkiOiI5YTg4NWFlYTE1NmU0NTY1YjdlM2JmNWE2Njk0M2RiYiIsInVzZXJfaWQiOjF9.zYh5DvkAk1smmA3VXd6CHYVwgZ6_ANGJsXmgR7Pa3DU	2025-05-28 19:29:00.797182+03	2025-06-04 19:29:00+03	1	9a885aea156e4565b7e3bf5a66943dbb
156	eyJhbGciOiJIUzI1NiIsInR5cCI6IkpXVCJ9.eyJ0b2tlbl90eXBlIjoicmVmcmVzaCIsImV4cCI6MTc0OTA1NTQ1NywiaWF0IjoxNzQ4NDUwNjU3LCJqdGkiOiJkNzI5NTJlODZjYzQ0YjU3YTgwMjIzMmZlMDE0MTc2ZCIsInVzZXJfaWQiOjF9.0TpuGfirUvMW2hUIccU58XW1LkOi3of_3HDwr5SawmA	2025-05-28 19:44:17.162005+03	2025-06-04 19:44:17+03	1	d72952e86cc44b57a802232fe014176d
157	eyJhbGciOiJIUzI1NiIsInR5cCI6IkpXVCJ9.eyJ0b2tlbl90eXBlIjoicmVmcmVzaCIsImV4cCI6MTc0OTA1NjA4MiwiaWF0IjoxNzQ4NDUxMjgyLCJqdGkiOiI4MDE4MDNjNzc3OTY0M2NhOWMzMmJkNzk1NjRkZTUwZSIsInVzZXJfaWQiOjMwfQ.vfcSVq4oetSrl9rJuanUHxk2Dptp239QfO2zzTK-5oM	2025-05-28 19:54:42.281748+03	2025-06-04 19:54:42+03	30	801803c7779643ca9c32bd79564de50e
158	eyJhbGciOiJIUzI1NiIsInR5cCI6IkpXVCJ9.eyJ0b2tlbl90eXBlIjoicmVmcmVzaCIsImV4cCI6MTc0OTA1NjUxNSwiaWF0IjoxNzQ4NDUxNzE1LCJqdGkiOiI4NWU3YzE0NzRhZDA0MzM1OWM0OTk0NTI2ZTdlMzdkOSIsInVzZXJfaWQiOjF9.OsATQVkXgsnMDzzUi_1lHO0HWdYv1wT7FtqzG19-xxM	2025-05-28 20:01:55.882883+03	2025-06-04 20:01:55+03	1	85e7c1474ad043359c4994526e7e37d9
159	eyJhbGciOiJIUzI1NiIsInR5cCI6IkpXVCJ9.eyJ0b2tlbl90eXBlIjoicmVmcmVzaCIsImV4cCI6MTc0OTA1NjUzMSwiaWF0IjoxNzQ4NDUxNzMxLCJqdGkiOiI1MGVlZmU2MmYyNzE0ZWQ0YTAxYTRkYjRhYWMwMmFjYyIsInVzZXJfaWQiOjF9.5ARArYetktGWS3shm-zGaZ02bChJC2fciBwHLXj71no	2025-05-28 20:02:11.905789+03	2025-06-04 20:02:11+03	1	50eefe62f2714ed4a01a4db4aac02acc
160	eyJhbGciOiJIUzI1NiIsInR5cCI6IkpXVCJ9.eyJ0b2tlbl90eXBlIjoicmVmcmVzaCIsImV4cCI6MTc0OTA1Njc2MCwiaWF0IjoxNzQ4NDUxOTYwLCJqdGkiOiJmYzk4MTdmMjM2NGE0NTgyYTc2OTJiZTk4N2UwMjAzYSIsInVzZXJfaWQiOjMwfQ.amowADGX3hiaD58JMRPf2xbIn6H1LDDoIWCFMwdUI-A	2025-05-28 20:06:00.797773+03	2025-06-04 20:06:00+03	30	fc9817f2364a4582a7692be987e0203a
161	eyJhbGciOiJIUzI1NiIsInR5cCI6IkpXVCJ9.eyJ0b2tlbl90eXBlIjoicmVmcmVzaCIsImV4cCI6MTc0OTA1NjgxMiwiaWF0IjoxNzQ4NDUyMDEyLCJqdGkiOiI4ZWE4MTc3YzhlNzc0OTM4YmU5NmY1ZTk4OGE2NDFjYiIsInVzZXJfaWQiOjMwfQ.VoQakSpl1Np6GB0moAX9rFSI5b2REvOazzIoiraPANo	2025-05-28 20:06:52.739285+03	2025-06-04 20:06:52+03	30	8ea8177c8e774938be96f5e988a641cb
162	eyJhbGciOiJIUzI1NiIsInR5cCI6IkpXVCJ9.eyJ0b2tlbl90eXBlIjoicmVmcmVzaCIsImV4cCI6MTc0OTA1NjgzNiwiaWF0IjoxNzQ4NDUyMDM2LCJqdGkiOiI2ZjdkMTgzNzYxZDQ0OWU5OTlmYWMzZmMxYmI4NWEzYiIsInVzZXJfaWQiOjMwfQ.ViVAXETGZAhP4wDBsf045K1cIBKrojmaeuXfyYqiy98	2025-05-28 20:07:16.36918+03	2025-06-04 20:07:16+03	30	6f7d183761d449e999fac3fc1bb85a3b
163	eyJhbGciOiJIUzI1NiIsInR5cCI6IkpXVCJ9.eyJ0b2tlbl90eXBlIjoicmVmcmVzaCIsImV4cCI6MTc0OTEwMjk2MiwiaWF0IjoxNzQ4NDk4MTYyLCJqdGkiOiJhNDIyYTYxYWQ3OWU0ZWY0OTAwYWY2ZmM1NjU1Y2UwOCIsInVzZXJfaWQiOjMwfQ.UCSKk9ekTLlXPWCD7Zl5Mzz41jyUeJ47dIYWOFfRvUg	2025-05-29 08:56:02.363599+03	2025-06-05 08:56:02+03	30	a422a61ad79e4ef4900af6fc5655ce08
164	eyJhbGciOiJIUzI1NiIsInR5cCI6IkpXVCJ9.eyJ0b2tlbl90eXBlIjoicmVmcmVzaCIsImV4cCI6MTc0OTEwMzE3NywiaWF0IjoxNzQ4NDk4Mzc3LCJqdGkiOiJmNWIxYWVkNGQzYzY0ZGI2OGExYzQ4YzNhYjA1ZThkNCIsInVzZXJfaWQiOjMwfQ.j78IVCW5fXDCpdhTNZDzXxrI2-euocoH0jxXyHiYHwg	2025-05-29 08:59:37.932288+03	2025-06-05 08:59:37+03	30	f5b1aed4d3c64db68a1c48c3ab05e8d4
165	eyJhbGciOiJIUzI1NiIsInR5cCI6IkpXVCJ9.eyJ0b2tlbl90eXBlIjoicmVmcmVzaCIsImV4cCI6MTc0OTEwMzY2MywiaWF0IjoxNzQ4NDk4ODYzLCJqdGkiOiIzMTE5ZDQ4ZmYzYzk0ZmI5YmUwNjgyYjBiMGMxMmFkMyIsInVzZXJfaWQiOjMwfQ.rux6y_me4qkP3L3TllLtINFMFqn_03NiIBdjebolOrk	2025-05-29 09:07:43.653963+03	2025-06-05 09:07:43+03	30	3119d48ff3c94fb9be0682b0b0c12ad3
166	eyJhbGciOiJIUzI1NiIsInR5cCI6IkpXVCJ9.eyJ0b2tlbl90eXBlIjoicmVmcmVzaCIsImV4cCI6MTc0OTEwMzgwNCwiaWF0IjoxNzQ4NDk5MDA0LCJqdGkiOiJjZDM2MGYxZTk1NGQ0YWRiYjg4ZTBiNTEzZTU3ZmEzMSIsInVzZXJfaWQiOjMwfQ.E-9L3BRxK9wHK0Dccxyw-fXDnh0IugwkM6U3_2nJ3kU	2025-05-29 09:10:04.195606+03	2025-06-05 09:10:04+03	30	cd360f1e954d4adbb88e0b513e57fa31
167	eyJhbGciOiJIUzI1NiIsInR5cCI6IkpXVCJ9.eyJ0b2tlbl90eXBlIjoicmVmcmVzaCIsImV4cCI6MTc0OTEwMzg4MCwiaWF0IjoxNzQ4NDk5MDgwLCJqdGkiOiI4OGU3ODdhMTlkZGE0MTcxYTk1MjVkMjU3OTFkMTdiMyIsInVzZXJfaWQiOjMwfQ.uTnLLK9gf1-acl56atV6r2OWZJwOPEjW19FjSuVvbg0	2025-05-29 09:11:20.618747+03	2025-06-05 09:11:20+03	30	88e787a19dda4171a9525d25791d17b3
168	eyJhbGciOiJIUzI1NiIsInR5cCI6IkpXVCJ9.eyJ0b2tlbl90eXBlIjoicmVmcmVzaCIsImV4cCI6MTc0OTEwNDEyMCwiaWF0IjoxNzQ4NDk5MzIwLCJqdGkiOiI0YzdjZjZlNjQ0MTQ0ZTFkYjZmZDczNGUyNDlmZjUwYSIsInVzZXJfaWQiOjMwfQ.0WzyGL343QTYYXGvP6grotZEyLumlgOQysSWYFp4-4Q	2025-05-29 09:15:20.026393+03	2025-06-05 09:15:20+03	30	4c7cf6e644144e1db6fd734e249ff50a
169	eyJhbGciOiJIUzI1NiIsInR5cCI6IkpXVCJ9.eyJ0b2tlbl90eXBlIjoicmVmcmVzaCIsImV4cCI6MTc0OTEwNTI5OCwiaWF0IjoxNzQ4NTAwNDk4LCJqdGkiOiI1Mjc0NjVkZGEyMTM0ZTc2OTkzMzI4ZWFkZjU1ZDRiNCIsInVzZXJfaWQiOjMwfQ.4nlMdd6nckzyiO5qcra46o62PqpJtC1k55oNy3LoPLk	2025-05-29 09:34:58.906275+03	2025-06-05 09:34:58+03	30	527465dda2134e76993328eadf55d4b4
170	eyJhbGciOiJIUzI1NiIsInR5cCI6IkpXVCJ9.eyJ0b2tlbl90eXBlIjoicmVmcmVzaCIsImV4cCI6MTc0OTEwNTQxNSwiaWF0IjoxNzQ4NTAwNjE1LCJqdGkiOiIxYjFkODA1NTc5YTk0ODBjYmFjOGJiNGQ2MjBhMzg1ZCIsInVzZXJfaWQiOjMwfQ.efJP25r7PzwxzlruQYz1gH0tg0eG1nLvfoS_oNxxp58	2025-05-29 09:36:55.568387+03	2025-06-05 09:36:55+03	30	1b1d805579a9480cbac8bb4d620a385d
171	eyJhbGciOiJIUzI1NiIsInR5cCI6IkpXVCJ9.eyJ0b2tlbl90eXBlIjoicmVmcmVzaCIsImV4cCI6MTc0OTEwNjcwNCwiaWF0IjoxNzQ4NTAxOTA0LCJqdGkiOiJhNWNjZjlmZmU3YWU0ODEyYWZkMGU0OWZkNGNiZGJjNCIsInVzZXJfaWQiOjMwfQ.CEk_1gsA_NAQFdn-D3FTR9FDsWWx-H8ei5_QrIyc7jI	2025-05-29 09:58:24.114928+03	2025-06-05 09:58:24+03	30	a5ccf9ffe7ae4812afd0e49fd4cbdbc4
172	eyJhbGciOiJIUzI1NiIsInR5cCI6IkpXVCJ9.eyJ0b2tlbl90eXBlIjoicmVmcmVzaCIsImV4cCI6MTc0OTEwODU5OCwiaWF0IjoxNzQ4NTAzNzk4LCJqdGkiOiIwZGI2ZjQwMmM5YzU0ZGM5YTQ4NmU3YWZmZjU5M2E2NCIsInVzZXJfaWQiOjMwfQ.vPC68dt4eeHJWwumnv55jKi2GHIMqBqsiknFRcpnke0	2025-05-29 10:29:58.15759+03	2025-06-05 10:29:58+03	30	0db6f402c9c54dc9a486e7afff593a64
173	eyJhbGciOiJIUzI1NiIsInR5cCI6IkpXVCJ9.eyJ0b2tlbl90eXBlIjoicmVmcmVzaCIsImV4cCI6MTc0OTExMTE0NywiaWF0IjoxNzQ4NTA2MzQ3LCJqdGkiOiJmMTQ4MThhNThkNjA0MGRmOTRlYjQ0M2JlZTllNzUyZCIsInVzZXJfaWQiOjF9.XL-VesREksOyRMuvySARm31CFoYJh3fYD0vMyOsa8mc	2025-05-29 11:12:27.49721+03	2025-06-05 11:12:27+03	1	f14818a58d6040df94eb443bee9e752d
174	eyJhbGciOiJIUzI1NiIsInR5cCI6IkpXVCJ9.eyJ0b2tlbl90eXBlIjoicmVmcmVzaCIsImV4cCI6MTc0OTExMjQ0MCwiaWF0IjoxNzQ4NTA3NjQwLCJqdGkiOiIzZDVjMjcwMTI5Y2I0NTI0YmY2M2JkOGVlNTNkZjg4MCIsInVzZXJfaWQiOjMwfQ.c6AIZGPjAC_2naH6aspwb_IISulDwuoR3s5xMy1V_yA	2025-05-29 11:34:00.903955+03	2025-06-05 11:34:00+03	30	3d5c270129cb4524bf63bd8ee53df880
175	eyJhbGciOiJIUzI1NiIsInR5cCI6IkpXVCJ9.eyJ0b2tlbl90eXBlIjoicmVmcmVzaCIsImV4cCI6MTc0OTExMjQ2NCwiaWF0IjoxNzQ4NTA3NjY0LCJqdGkiOiJmOTU5OTc0ODEyMWI0MzliYWE2ZTMxMTUwYjM1MDU1MiIsInVzZXJfaWQiOjF9.z-4nAvbKKs3E8HqF0ZI2pJsMrwMT4ur4-SVdx3Cmc7I	2025-05-29 11:34:24.666813+03	2025-06-05 11:34:24+03	1	f9599748121b439baa6e31150b350552
176	eyJhbGciOiJIUzI1NiIsInR5cCI6IkpXVCJ9.eyJ0b2tlbl90eXBlIjoicmVmcmVzaCIsImV4cCI6MTc0OTEzMzM4OSwiaWF0IjoxNzQ4NTI4NTg5LCJqdGkiOiJkYjNhNGM4MTg3Nzk0NTEwOTZmMGQ2NmFhZTQwMjY3MSIsInVzZXJfaWQiOjMwfQ.423DcvFJZnI-f3Y-j1QvDpuV-h6aCBOWyZnEgG-cY7A	2025-05-29 17:23:09.747579+03	2025-06-05 17:23:09+03	30	db3a4c818779451096f0d66aae402671
177	eyJhbGciOiJIUzI1NiIsInR5cCI6IkpXVCJ9.eyJ0b2tlbl90eXBlIjoicmVmcmVzaCIsImV4cCI6MTc0OTEzMzQxMywiaWF0IjoxNzQ4NTI4NjEzLCJqdGkiOiIwZGYzMDQzM2MzZDA0MDAxYWYwMzAzYjRjZWU2YmE4NCIsInVzZXJfaWQiOjF9.OEjoVonSffcyWanelFl2Fx_lFTzwkNpcAJJ-SuJlZP0	2025-05-29 17:23:33.745537+03	2025-06-05 17:23:33+03	1	0df30433c3d04001af0303b4cee6ba84
178	eyJhbGciOiJIUzI1NiIsInR5cCI6IkpXVCJ9.eyJ0b2tlbl90eXBlIjoicmVmcmVzaCIsImV4cCI6MTc0OTEzNDQ4MSwiaWF0IjoxNzQ4NTI5NjgxLCJqdGkiOiIxNzc0ZDU1MWJkNjk0NGY0OGY5YjllMThmMGZlMWQ1ZCIsInVzZXJfaWQiOjMwfQ.bzOBD1AgNY-b4c9_WK-MIOv732DijAtoC8rxk2TRAyM	2025-05-29 17:41:21.665475+03	2025-06-05 17:41:21+03	30	1774d551bd6944f48f9b9e18f0fe1d5d
179	eyJhbGciOiJIUzI1NiIsInR5cCI6IkpXVCJ9.eyJ0b2tlbl90eXBlIjoicmVmcmVzaCIsImV4cCI6MTc0OTEzNTI4NSwiaWF0IjoxNzQ4NTMwNDg1LCJqdGkiOiJjYjY1ZjkwZWVlNzI0MTAzODkzOTVlZjY3YWM1MWUyYiIsInVzZXJfaWQiOjF9.wB0o472xbbWj9Z1FICnGZyRLUCHVSnodKdqsyvV2WKY	2025-05-29 17:54:45.623938+03	2025-06-05 17:54:45+03	1	cb65f90eee72410389395ef67ac51e2b
180	eyJhbGciOiJIUzI1NiIsInR5cCI6IkpXVCJ9.eyJ0b2tlbl90eXBlIjoicmVmcmVzaCIsImV4cCI6MTc0OTEzODA0MCwiaWF0IjoxNzQ4NTMzMjQwLCJqdGkiOiJiM2ZiMzg2M2ZiYmQ0YTBkODU0ZWY0MDAwYjdkMjcwYiIsInVzZXJfaWQiOjF9.w04xrieKi5bsEGWIX2b_ssh2iNyzlvV82BPIoDYJJ20	2025-05-29 18:40:40.942754+03	2025-06-05 18:40:40+03	1	b3fb3863fbbd4a0d854ef4000b7d270b
181	eyJhbGciOiJIUzI1NiIsInR5cCI6IkpXVCJ9.eyJ0b2tlbl90eXBlIjoicmVmcmVzaCIsImV4cCI6MTc0OTEzODExMSwiaWF0IjoxNzQ4NTMzMzExLCJqdGkiOiIzZTdjMjgxZGE2NmY0MzhiOTg1ZGU0NzYyZmZmYTQ3NyIsInVzZXJfaWQiOjMwfQ.24wK-_di-_UWzDfffjYXjNTaYM9aO-ayuzESyHfMgjw	2025-05-29 18:41:51.911172+03	2025-06-05 18:41:51+03	30	3e7c281da66f438b985de4762fffa477
182	eyJhbGciOiJIUzI1NiIsInR5cCI6IkpXVCJ9.eyJ0b2tlbl90eXBlIjoicmVmcmVzaCIsImV4cCI6MTc0OTE0MDEwOCwiaWF0IjoxNzQ4NTM1MzA4LCJqdGkiOiI3ODQxYTliMzAxYjA0NGFiYTQzZGNmM2YzYjdhMTQ2NSIsInVzZXJfaWQiOjMwfQ.mVlLD84DXFJP7WjGApBurhQ-58_1viK3qo_zFaDOGEA	2025-05-29 19:15:08.287759+03	2025-06-05 19:15:08+03	30	7841a9b301b044aba43dcf3f3b7a1465
183	eyJhbGciOiJIUzI1NiIsInR5cCI6IkpXVCJ9.eyJ0b2tlbl90eXBlIjoicmVmcmVzaCIsImV4cCI6MTc0OTE5MTUxNSwiaWF0IjoxNzQ4NTg2NzE1LCJqdGkiOiIyZDFiZWM3MTk5YWI0ZTVlYjU3ZTYwOWZmM2U3ZmU4OCIsInVzZXJfaWQiOjMwfQ.FuUeuAKVzh_6gXVa7xUDNiErKQFkN1nJWSqFcyKchOY	2025-05-30 09:31:55.164982+03	2025-06-06 09:31:55+03	30	2d1bec7199ab4e5eb57e609ff3e7fe88
184	eyJhbGciOiJIUzI1NiIsInR5cCI6IkpXVCJ9.eyJ0b2tlbl90eXBlIjoicmVmcmVzaCIsImV4cCI6MTc0OTE5NzcxMywiaWF0IjoxNzQ4NTkyOTEzLCJqdGkiOiIzMjM5OWVlZGZhM2Y0Yjg0OGMxY2RkOTBmOTY2YzE0NSIsInVzZXJfaWQiOjMwfQ.rHsu2RVDGK_gOa7THYfJrm7t5Mn8NMII5HPczHB6JrI	2025-05-30 11:15:13.313248+03	2025-06-06 11:15:13+03	30	32399eedfa3f4b848c1cdd90f966c145
185	eyJhbGciOiJIUzI1NiIsInR5cCI6IkpXVCJ9.eyJ0b2tlbl90eXBlIjoicmVmcmVzaCIsImV4cCI6MTc0OTE5ODA1NCwiaWF0IjoxNzQ4NTkzMjU0LCJqdGkiOiJmM2E3MjZiNTkzNjM0MWFhYmM2YWNhZmMzZDE4NDMyYiIsInVzZXJfaWQiOjF9.o9AufdPYiSqf1kJ_Up4vxlXGtKLXK-7zsUIMipnd3lo	2025-05-30 11:20:54.175989+03	2025-06-06 11:20:54+03	1	f3a726b5936341aabc6acafc3d18432b
\.


--
-- TOC entry 5269 (class 0 OID 0)
-- Dependencies: 258
-- Name: Customizables_blocked_users_id_seq; Type: SEQUENCE SET; Schema: public; Owner: postgres
--

SELECT pg_catalog.setval('public."Customizables_blocked_users_id_seq"', 1, false);


--
-- TOC entry 5270 (class 0 OID 0)
-- Dependencies: 256
-- Name: Customizables_friends_id_seq; Type: SEQUENCE SET; Schema: public; Owner: postgres
--

SELECT pg_catalog.setval('public."Customizables_friends_id_seq"', 12, true);


--
-- TOC entry 5271 (class 0 OID 0)
-- Dependencies: 238
-- Name: Friendship_friendrequest_id_seq; Type: SEQUENCE SET; Schema: public; Owner: postgres
--

SELECT pg_catalog.setval('public."Friendship_friendrequest_id_seq"', 15, true);


--
-- TOC entry 5272 (class 0 OID 0)
-- Dependencies: 254
-- Name: Notifications_notifications_id_seq; Type: SEQUENCE SET; Schema: public; Owner: postgres
--

SELECT pg_catalog.setval('public."Notifications_notifications_id_seq"', 364, true);


--
-- TOC entry 5273 (class 0 OID 0)
-- Dependencies: 244
-- Name: Posts_like_id_seq; Type: SEQUENCE SET; Schema: public; Owner: postgres
--

SELECT pg_catalog.setval('public."Posts_like_id_seq"', 565, true);


--
-- TOC entry 5274 (class 0 OID 0)
-- Dependencies: 242
-- Name: Posts_media_id_seq; Type: SEQUENCE SET; Schema: public; Owner: postgres
--

SELECT pg_catalog.setval('public."Posts_media_id_seq"', 120, true);


--
-- TOC entry 5275 (class 0 OID 0)
-- Dependencies: 240
-- Name: Posts_post_id_seq; Type: SEQUENCE SET; Schema: public; Owner: postgres
--

SELECT pg_catalog.setval('public."Posts_post_id_seq"', 857, true);


--
-- TOC entry 5276 (class 0 OID 0)
-- Dependencies: 233
-- Name: Profile_profile_id_seq; Type: SEQUENCE SET; Schema: public; Owner: postgres
--

SELECT pg_catalog.setval('public."Profile_profile_id_seq"', 34, true);


--
-- TOC entry 5277 (class 0 OID 0)
-- Dependencies: 223
-- Name: auth_group_id_seq; Type: SEQUENCE SET; Schema: public; Owner: postgres
--

SELECT pg_catalog.setval('public.auth_group_id_seq', 1, false);


--
-- TOC entry 5278 (class 0 OID 0)
-- Dependencies: 225
-- Name: auth_group_permissions_id_seq; Type: SEQUENCE SET; Schema: public; Owner: postgres
--

SELECT pg_catalog.setval('public.auth_group_permissions_id_seq', 1, false);


--
-- TOC entry 5279 (class 0 OID 0)
-- Dependencies: 221
-- Name: auth_permission_id_seq; Type: SEQUENCE SET; Schema: public; Owner: postgres
--

SELECT pg_catalog.setval('public.auth_permission_id_seq', 84, true);


--
-- TOC entry 5280 (class 0 OID 0)
-- Dependencies: 229
-- Name: auth_user_groups_id_seq; Type: SEQUENCE SET; Schema: public; Owner: postgres
--

SELECT pg_catalog.setval('public.auth_user_groups_id_seq', 1, false);


--
-- TOC entry 5281 (class 0 OID 0)
-- Dependencies: 227
-- Name: auth_user_id_seq; Type: SEQUENCE SET; Schema: public; Owner: postgres
--

SELECT pg_catalog.setval('public.auth_user_id_seq', 32, true);


--
-- TOC entry 5282 (class 0 OID 0)
-- Dependencies: 231
-- Name: auth_user_user_permissions_id_seq; Type: SEQUENCE SET; Schema: public; Owner: postgres
--

SELECT pg_catalog.setval('public.auth_user_user_permissions_id_seq', 1, false);


--
-- TOC entry 5283 (class 0 OID 0)
-- Dependencies: 250
-- Name: cities_light_city_id_seq; Type: SEQUENCE SET; Schema: public; Owner: postgres
--

SELECT pg_catalog.setval('public.cities_light_city_id_seq', 1, false);


--
-- TOC entry 5284 (class 0 OID 0)
-- Dependencies: 246
-- Name: cities_light_country_id_seq; Type: SEQUENCE SET; Schema: public; Owner: postgres
--

SELECT pg_catalog.setval('public.cities_light_country_id_seq', 1, false);


--
-- TOC entry 5285 (class 0 OID 0)
-- Dependencies: 248
-- Name: cities_light_region_id_seq; Type: SEQUENCE SET; Schema: public; Owner: postgres
--

SELECT pg_catalog.setval('public.cities_light_region_id_seq', 1, false);


--
-- TOC entry 5286 (class 0 OID 0)
-- Dependencies: 252
-- Name: cities_light_subregion_id_seq; Type: SEQUENCE SET; Schema: public; Owner: postgres
--

SELECT pg_catalog.setval('public.cities_light_subregion_id_seq', 1, false);


--
-- TOC entry 5287 (class 0 OID 0)
-- Dependencies: 235
-- Name: django_admin_log_id_seq; Type: SEQUENCE SET; Schema: public; Owner: postgres
--

SELECT pg_catalog.setval('public.django_admin_log_id_seq', 497, true);


--
-- TOC entry 5288 (class 0 OID 0)
-- Dependencies: 219
-- Name: django_content_type_id_seq; Type: SEQUENCE SET; Schema: public; Owner: postgres
--

SELECT pg_catalog.setval('public.django_content_type_id_seq', 21, true);


--
-- TOC entry 5289 (class 0 OID 0)
-- Dependencies: 217
-- Name: django_migrations_id_seq; Type: SEQUENCE SET; Schema: public; Owner: postgres
--

SELECT pg_catalog.setval('public.django_migrations_id_seq', 70, true);


--
-- TOC entry 5290 (class 0 OID 0)
-- Dependencies: 261
-- Name: token_blacklist_blacklistedtoken_id_seq; Type: SEQUENCE SET; Schema: public; Owner: postgres
--

SELECT pg_catalog.setval('public.token_blacklist_blacklistedtoken_id_seq', 1, false);


--
-- TOC entry 5291 (class 0 OID 0)
-- Dependencies: 263
-- Name: token_blacklist_outstandingtoken_id_seq; Type: SEQUENCE SET; Schema: public; Owner: postgres
--

SELECT pg_catalog.setval('public.token_blacklist_outstandingtoken_id_seq', 185, true);


--
-- TOC entry 5017 (class 2606 OID 50664)
-- Name: Customizables_blocked_users Customizables_blocked_users_pkey; Type: CONSTRAINT; Schema: public; Owner: postgres
--

ALTER TABLE ONLY public."Customizables_blocked_users"
    ADD CONSTRAINT "Customizables_blocked_users_pkey" PRIMARY KEY (id);


--
-- TOC entry 5020 (class 2606 OID 50668)
-- Name: Customizables_blocked_users Customizables_blocked_users_profile_id_user_id_750b3a8d_uniq; Type: CONSTRAINT; Schema: public; Owner: postgres
--

ALTER TABLE ONLY public."Customizables_blocked_users"
    ADD CONSTRAINT "Customizables_blocked_users_profile_id_user_id_750b3a8d_uniq" UNIQUE (profile_id, user_id);


--
-- TOC entry 5012 (class 2606 OID 17758)
-- Name: Customizables_friends Customizables_friends_from_profile_id_to_profi_d8573960_uniq; Type: CONSTRAINT; Schema: public; Owner: postgres
--

ALTER TABLE ONLY public."Customizables_friends"
    ADD CONSTRAINT "Customizables_friends_from_profile_id_to_profi_d8573960_uniq" UNIQUE (from_profile_id, to_profile_id);


--
-- TOC entry 5014 (class 2606 OID 17756)
-- Name: Customizables_friends Customizables_friends_pkey; Type: CONSTRAINT; Schema: public; Owner: postgres
--

ALTER TABLE ONLY public."Customizables_friends"
    ADD CONSTRAINT "Customizables_friends_pkey" PRIMARY KEY (id);


--
-- TOC entry 4914 (class 2606 OID 50658)
-- Name: Friendship_friendrequest Friendship_friendrequest_from_user_id_to_user_id_495e479a_uniq; Type: CONSTRAINT; Schema: public; Owner: postgres
--

ALTER TABLE ONLY public."Friendship_friendrequest"
    ADD CONSTRAINT "Friendship_friendrequest_from_user_id_to_user_id_495e479a_uniq" UNIQUE (from_user_id, to_user_id);


--
-- TOC entry 4916 (class 2606 OID 17447)
-- Name: Friendship_friendrequest Friendship_friendrequest_pkey; Type: CONSTRAINT; Schema: public; Owner: postgres
--

ALTER TABLE ONLY public."Friendship_friendrequest"
    ADD CONSTRAINT "Friendship_friendrequest_pkey" PRIMARY KEY (id);


--
-- TOC entry 5007 (class 2606 OID 17730)
-- Name: Notifications_notifications Notifications_notifications_pkey; Type: CONSTRAINT; Schema: public; Owner: postgres
--

ALTER TABLE ONLY public."Notifications_notifications"
    ADD CONSTRAINT "Notifications_notifications_pkey" PRIMARY KEY (id);


--
-- TOC entry 4926 (class 2606 OID 17480)
-- Name: Posts_like Posts_like_pkey; Type: CONSTRAINT; Schema: public; Owner: postgres
--

ALTER TABLE ONLY public."Posts_like"
    ADD CONSTRAINT "Posts_like_pkey" PRIMARY KEY (id);


--
-- TOC entry 4929 (class 2606 OID 26055)
-- Name: Posts_like Posts_like_post_id_user_id_f979c723_uniq; Type: CONSTRAINT; Schema: public; Owner: postgres
--

ALTER TABLE ONLY public."Posts_like"
    ADD CONSTRAINT "Posts_like_post_id_user_id_f979c723_uniq" UNIQUE (post_id, user_id);


--
-- TOC entry 4923 (class 2606 OID 17474)
-- Name: Posts_media Posts_media_pkey; Type: CONSTRAINT; Schema: public; Owner: postgres
--

ALTER TABLE ONLY public."Posts_media"
    ADD CONSTRAINT "Posts_media_pkey" PRIMARY KEY (id);


--
-- TOC entry 4921 (class 2606 OID 17467)
-- Name: Posts_post Posts_post_pkey; Type: CONSTRAINT; Schema: public; Owner: postgres
--

ALTER TABLE ONLY public."Posts_post"
    ADD CONSTRAINT "Posts_post_pkey" PRIMARY KEY (id);


--
-- TOC entry 4901 (class 2606 OID 17396)
-- Name: Customizables Profile_profile_pkey; Type: CONSTRAINT; Schema: public; Owner: postgres
--

ALTER TABLE ONLY public."Customizables"
    ADD CONSTRAINT "Profile_profile_pkey" PRIMARY KEY (id);


--
-- TOC entry 4903 (class 2606 OID 17398)
-- Name: Customizables Profile_profile_user_id_key; Type: CONSTRAINT; Schema: public; Owner: postgres
--

ALTER TABLE ONLY public."Customizables"
    ADD CONSTRAINT "Profile_profile_user_id_key" UNIQUE (user_id);


--
-- TOC entry 4874 (class 2606 OID 17431)
-- Name: auth_group auth_group_name_key; Type: CONSTRAINT; Schema: public; Owner: postgres
--

ALTER TABLE ONLY public.auth_group
    ADD CONSTRAINT auth_group_name_key UNIQUE (name);


--
-- TOC entry 4879 (class 2606 OID 17347)
-- Name: auth_group_permissions auth_group_permissions_group_id_permission_id_0cd325b0_uniq; Type: CONSTRAINT; Schema: public; Owner: postgres
--

ALTER TABLE ONLY public.auth_group_permissions
    ADD CONSTRAINT auth_group_permissions_group_id_permission_id_0cd325b0_uniq UNIQUE (group_id, permission_id);


--
-- TOC entry 4882 (class 2606 OID 17316)
-- Name: auth_group_permissions auth_group_permissions_pkey; Type: CONSTRAINT; Schema: public; Owner: postgres
--

ALTER TABLE ONLY public.auth_group_permissions
    ADD CONSTRAINT auth_group_permissions_pkey PRIMARY KEY (id);


--
-- TOC entry 4876 (class 2606 OID 17308)
-- Name: auth_group auth_group_pkey; Type: CONSTRAINT; Schema: public; Owner: postgres
--

ALTER TABLE ONLY public.auth_group
    ADD CONSTRAINT auth_group_pkey PRIMARY KEY (id);


--
-- TOC entry 4869 (class 2606 OID 17338)
-- Name: auth_permission auth_permission_content_type_id_codename_01ab375a_uniq; Type: CONSTRAINT; Schema: public; Owner: postgres
--

ALTER TABLE ONLY public.auth_permission
    ADD CONSTRAINT auth_permission_content_type_id_codename_01ab375a_uniq UNIQUE (content_type_id, codename);


--
-- TOC entry 4871 (class 2606 OID 17302)
-- Name: auth_permission auth_permission_pkey; Type: CONSTRAINT; Schema: public; Owner: postgres
--

ALTER TABLE ONLY public.auth_permission
    ADD CONSTRAINT auth_permission_pkey PRIMARY KEY (id);


--
-- TOC entry 4890 (class 2606 OID 17330)
-- Name: auth_user_groups auth_user_groups_pkey; Type: CONSTRAINT; Schema: public; Owner: postgres
--

ALTER TABLE ONLY public.auth_user_groups
    ADD CONSTRAINT auth_user_groups_pkey PRIMARY KEY (id);


--
-- TOC entry 4893 (class 2606 OID 17362)
-- Name: auth_user_groups auth_user_groups_user_id_group_id_94350c0c_uniq; Type: CONSTRAINT; Schema: public; Owner: postgres
--

ALTER TABLE ONLY public.auth_user_groups
    ADD CONSTRAINT auth_user_groups_user_id_group_id_94350c0c_uniq UNIQUE (user_id, group_id);


--
-- TOC entry 4884 (class 2606 OID 17322)
-- Name: auth_user auth_user_pkey; Type: CONSTRAINT; Schema: public; Owner: postgres
--

ALTER TABLE ONLY public.auth_user
    ADD CONSTRAINT auth_user_pkey PRIMARY KEY (id);


--
-- TOC entry 4896 (class 2606 OID 17336)
-- Name: auth_user_user_permissions auth_user_user_permissions_pkey; Type: CONSTRAINT; Schema: public; Owner: postgres
--

ALTER TABLE ONLY public.auth_user_user_permissions
    ADD CONSTRAINT auth_user_user_permissions_pkey PRIMARY KEY (id);


--
-- TOC entry 4899 (class 2606 OID 17376)
-- Name: auth_user_user_permissions auth_user_user_permissions_user_id_permission_id_14a6b632_uniq; Type: CONSTRAINT; Schema: public; Owner: postgres
--

ALTER TABLE ONLY public.auth_user_user_permissions
    ADD CONSTRAINT auth_user_user_permissions_user_id_permission_id_14a6b632_uniq UNIQUE (user_id, permission_id);


--
-- TOC entry 4887 (class 2606 OID 17426)
-- Name: auth_user auth_user_username_key; Type: CONSTRAINT; Schema: public; Owner: postgres
--

ALTER TABLE ONLY public.auth_user
    ADD CONSTRAINT auth_user_username_key UNIQUE (username);


--
-- TOC entry 5024 (class 2606 OID 50688)
-- Name: authtoken_token authtoken_token_pkey; Type: CONSTRAINT; Schema: public; Owner: postgres
--

ALTER TABLE ONLY public.authtoken_token
    ADD CONSTRAINT authtoken_token_pkey PRIMARY KEY (key);


--
-- TOC entry 5026 (class 2606 OID 50690)
-- Name: authtoken_token authtoken_token_user_id_key; Type: CONSTRAINT; Schema: public; Owner: postgres
--

ALTER TABLE ONLY public.authtoken_token
    ADD CONSTRAINT authtoken_token_user_id_key UNIQUE (user_id);


--
-- TOC entry 4972 (class 2606 OID 17615)
-- Name: cities_light_city cities_light_city_geoname_id_key; Type: CONSTRAINT; Schema: public; Owner: postgres
--

ALTER TABLE ONLY public.cities_light_city
    ADD CONSTRAINT cities_light_city_geoname_id_key UNIQUE (geoname_id);


--
-- TOC entry 4978 (class 2606 OID 17613)
-- Name: cities_light_city cities_light_city_pkey; Type: CONSTRAINT; Schema: public; Owner: postgres
--

ALTER TABLE ONLY public.cities_light_city
    ADD CONSTRAINT cities_light_city_pkey PRIMARY KEY (id);


--
-- TOC entry 4982 (class 2606 OID 17683)
-- Name: cities_light_city cities_light_city_region_id_subregion_id_name_cdfc77ea_uniq; Type: CONSTRAINT; Schema: public; Owner: postgres
--

ALTER TABLE ONLY public.cities_light_city
    ADD CONSTRAINT cities_light_city_region_id_subregion_id_name_cdfc77ea_uniq UNIQUE (region_id, subregion_id, name);


--
-- TOC entry 4984 (class 2606 OID 17681)
-- Name: cities_light_city cities_light_city_region_id_subregion_id_slug_efb2e768_uniq; Type: CONSTRAINT; Schema: public; Owner: postgres
--

ALTER TABLE ONLY public.cities_light_city
    ADD CONSTRAINT cities_light_city_region_id_subregion_id_slug_efb2e768_uniq UNIQUE (region_id, subregion_id, slug);


--
-- TOC entry 4933 (class 2606 OID 17564)
-- Name: cities_light_country cities_light_country_code2_key; Type: CONSTRAINT; Schema: public; Owner: postgres
--

ALTER TABLE ONLY public.cities_light_country
    ADD CONSTRAINT cities_light_country_code2_key UNIQUE (code2);


--
-- TOC entry 4936 (class 2606 OID 17566)
-- Name: cities_light_country cities_light_country_code3_key; Type: CONSTRAINT; Schema: public; Owner: postgres
--

ALTER TABLE ONLY public.cities_light_country
    ADD CONSTRAINT cities_light_country_code3_key UNIQUE (code3);


--
-- TOC entry 4940 (class 2606 OID 17560)
-- Name: cities_light_country cities_light_country_geoname_id_key; Type: CONSTRAINT; Schema: public; Owner: postgres
--

ALTER TABLE ONLY public.cities_light_country
    ADD CONSTRAINT cities_light_country_geoname_id_key UNIQUE (geoname_id);


--
-- TOC entry 4946 (class 2606 OID 17558)
-- Name: cities_light_country cities_light_country_pkey; Type: CONSTRAINT; Schema: public; Owner: postgres
--

ALTER TABLE ONLY public.cities_light_country
    ADD CONSTRAINT cities_light_country_pkey PRIMARY KEY (id);


--
-- TOC entry 4953 (class 2606 OID 17591)
-- Name: cities_light_region cities_light_region_country_id_name_6e5b3799_uniq; Type: CONSTRAINT; Schema: public; Owner: postgres
--

ALTER TABLE ONLY public.cities_light_region
    ADD CONSTRAINT cities_light_region_country_id_name_6e5b3799_uniq UNIQUE (country_id, name);


--
-- TOC entry 4955 (class 2606 OID 17589)
-- Name: cities_light_region cities_light_region_country_id_slug_3dd02103_uniq; Type: CONSTRAINT; Schema: public; Owner: postgres
--

ALTER TABLE ONLY public.cities_light_region
    ADD CONSTRAINT cities_light_region_country_id_slug_3dd02103_uniq UNIQUE (country_id, slug);


--
-- TOC entry 4959 (class 2606 OID 17576)
-- Name: cities_light_region cities_light_region_geoname_id_key; Type: CONSTRAINT; Schema: public; Owner: postgres
--

ALTER TABLE ONLY public.cities_light_region
    ADD CONSTRAINT cities_light_region_geoname_id_key UNIQUE (geoname_id);


--
-- TOC entry 4965 (class 2606 OID 17574)
-- Name: cities_light_region cities_light_region_pkey; Type: CONSTRAINT; Schema: public; Owner: postgres
--

ALTER TABLE ONLY public.cities_light_region
    ADD CONSTRAINT cities_light_region_pkey PRIMARY KEY (id);


--
-- TOC entry 4994 (class 2606 OID 17653)
-- Name: cities_light_subregion cities_light_subregion_geoname_id_key; Type: CONSTRAINT; Schema: public; Owner: postgres
--

ALTER TABLE ONLY public.cities_light_subregion
    ADD CONSTRAINT cities_light_subregion_geoname_id_key UNIQUE (geoname_id);


--
-- TOC entry 5000 (class 2606 OID 17651)
-- Name: cities_light_subregion cities_light_subregion_pkey; Type: CONSTRAINT; Schema: public; Owner: postgres
--

ALTER TABLE ONLY public.cities_light_subregion
    ADD CONSTRAINT cities_light_subregion_pkey PRIMARY KEY (id);


--
-- TOC entry 4906 (class 2606 OID 17412)
-- Name: django_admin_log django_admin_log_pkey; Type: CONSTRAINT; Schema: public; Owner: postgres
--

ALTER TABLE ONLY public.django_admin_log
    ADD CONSTRAINT django_admin_log_pkey PRIMARY KEY (id);


--
-- TOC entry 4864 (class 2606 OID 17296)
-- Name: django_content_type django_content_type_app_label_model_76bd3d3b_uniq; Type: CONSTRAINT; Schema: public; Owner: postgres
--

ALTER TABLE ONLY public.django_content_type
    ADD CONSTRAINT django_content_type_app_label_model_76bd3d3b_uniq UNIQUE (app_label, model);


--
-- TOC entry 4866 (class 2606 OID 17294)
-- Name: django_content_type django_content_type_pkey; Type: CONSTRAINT; Schema: public; Owner: postgres
--

ALTER TABLE ONLY public.django_content_type
    ADD CONSTRAINT django_content_type_pkey PRIMARY KEY (id);


--
-- TOC entry 4862 (class 2606 OID 17288)
-- Name: django_migrations django_migrations_pkey; Type: CONSTRAINT; Schema: public; Owner: postgres
--

ALTER TABLE ONLY public.django_migrations
    ADD CONSTRAINT django_migrations_pkey PRIMARY KEY (id);


--
-- TOC entry 4910 (class 2606 OID 17439)
-- Name: django_session django_session_pkey; Type: CONSTRAINT; Schema: public; Owner: postgres
--

ALTER TABLE ONLY public.django_session
    ADD CONSTRAINT django_session_pkey PRIMARY KEY (session_key);


--
-- TOC entry 5028 (class 2606 OID 67147)
-- Name: token_blacklist_blacklistedtoken token_blacklist_blacklistedtoken_pkey; Type: CONSTRAINT; Schema: public; Owner: postgres
--

ALTER TABLE ONLY public.token_blacklist_blacklistedtoken
    ADD CONSTRAINT token_blacklist_blacklistedtoken_pkey PRIMARY KEY (id);


--
-- TOC entry 5030 (class 2606 OID 67168)
-- Name: token_blacklist_blacklistedtoken token_blacklist_blacklistedtoken_token_id_key; Type: CONSTRAINT; Schema: public; Owner: postgres
--

ALTER TABLE ONLY public.token_blacklist_blacklistedtoken
    ADD CONSTRAINT token_blacklist_blacklistedtoken_token_id_key UNIQUE (token_id);


--
-- TOC entry 5033 (class 2606 OID 67138)
-- Name: token_blacklist_outstandingtoken token_blacklist_outstandingtoken_jti_hex_d9bdf6f7_uniq; Type: CONSTRAINT; Schema: public; Owner: postgres
--

ALTER TABLE ONLY public.token_blacklist_outstandingtoken
    ADD CONSTRAINT token_blacklist_outstandingtoken_jti_hex_d9bdf6f7_uniq UNIQUE (jti);


--
-- TOC entry 5035 (class 2606 OID 67156)
-- Name: token_blacklist_outstandingtoken token_blacklist_outstandingtoken_pkey; Type: CONSTRAINT; Schema: public; Owner: postgres
--

ALTER TABLE ONLY public.token_blacklist_outstandingtoken
    ADD CONSTRAINT token_blacklist_outstandingtoken_pkey PRIMARY KEY (id);


--
-- TOC entry 5018 (class 1259 OID 50679)
-- Name: Customizables_blocked_users_profile_id_c24ac5d8; Type: INDEX; Schema: public; Owner: postgres
--

CREATE INDEX "Customizables_blocked_users_profile_id_c24ac5d8" ON public."Customizables_blocked_users" USING btree (profile_id);


--
-- TOC entry 5021 (class 1259 OID 50680)
-- Name: Customizables_blocked_users_user_id_f3728b8e; Type: INDEX; Schema: public; Owner: postgres
--

CREATE INDEX "Customizables_blocked_users_user_id_f3728b8e" ON public."Customizables_blocked_users" USING btree (user_id);


--
-- TOC entry 5010 (class 1259 OID 17769)
-- Name: Customizables_friends_from_profile_id_a883a65f; Type: INDEX; Schema: public; Owner: postgres
--

CREATE INDEX "Customizables_friends_from_profile_id_a883a65f" ON public."Customizables_friends" USING btree (from_profile_id);


--
-- TOC entry 5015 (class 1259 OID 17770)
-- Name: Customizables_friends_to_profile_id_0316ece7; Type: INDEX; Schema: public; Owner: postgres
--

CREATE INDEX "Customizables_friends_to_profile_id_0316ece7" ON public."Customizables_friends" USING btree (to_profile_id);


--
-- TOC entry 4912 (class 1259 OID 17458)
-- Name: Friendship_friendrequest_from_user_id_620b474f; Type: INDEX; Schema: public; Owner: postgres
--

CREATE INDEX "Friendship_friendrequest_from_user_id_620b474f" ON public."Friendship_friendrequest" USING btree (from_user_id);


--
-- TOC entry 4917 (class 1259 OID 17459)
-- Name: Friendship_friendrequest_to_user_id_0b14cffd; Type: INDEX; Schema: public; Owner: postgres
--

CREATE INDEX "Friendship_friendrequest_to_user_id_0b14cffd" ON public."Friendship_friendrequest" USING btree (to_user_id);


--
-- TOC entry 5004 (class 1259 OID 17789)
-- Name: Notifications_notifications_comment_id_ac122391; Type: INDEX; Schema: public; Owner: postgres
--

CREATE INDEX "Notifications_notifications_comment_id_ac122391" ON public."Notifications_notifications" USING btree (comment_id);


--
-- TOC entry 5005 (class 1259 OID 17782)
-- Name: Notifications_notifications_friend_request_id_6027778b; Type: INDEX; Schema: public; Owner: postgres
--

CREATE INDEX "Notifications_notifications_friend_request_id_6027778b" ON public."Notifications_notifications" USING btree (friend_request_id);


--
-- TOC entry 5008 (class 1259 OID 17783)
-- Name: Notifications_notifications_post_id_7f7e73d9; Type: INDEX; Schema: public; Owner: postgres
--

CREATE INDEX "Notifications_notifications_post_id_7f7e73d9" ON public."Notifications_notifications" USING btree (post_id);


--
-- TOC entry 5009 (class 1259 OID 17736)
-- Name: Notifications_notifications_to_user_id_ca775ffd; Type: INDEX; Schema: public; Owner: postgres
--

CREATE INDEX "Notifications_notifications_to_user_id_ca775ffd" ON public."Notifications_notifications" USING btree (to_user_id);


--
-- TOC entry 4927 (class 1259 OID 17518)
-- Name: Posts_like_post_id_0a3db427; Type: INDEX; Schema: public; Owner: postgres
--

CREATE INDEX "Posts_like_post_id_0a3db427" ON public."Posts_like" USING btree (post_id);


--
-- TOC entry 4930 (class 1259 OID 17517)
-- Name: Posts_like_user_id_c0cd78df; Type: INDEX; Schema: public; Owner: postgres
--

CREATE INDEX "Posts_like_user_id_c0cd78df" ON public."Posts_like" USING btree (user_id);


--
-- TOC entry 4924 (class 1259 OID 17506)
-- Name: Posts_media_post_id_15932e8e; Type: INDEX; Schema: public; Owner: postgres
--

CREATE INDEX "Posts_media_post_id_15932e8e" ON public."Posts_media" USING btree (post_id);


--
-- TOC entry 4918 (class 1259 OID 17737)
-- Name: Posts_post_author_id_f243f01a; Type: INDEX; Schema: public; Owner: postgres
--

CREATE INDEX "Posts_post_author_id_f243f01a" ON public."Posts_post" USING btree (author_id);


--
-- TOC entry 4919 (class 1259 OID 75300)
-- Name: Posts_post_parent_id_9b5ee875; Type: INDEX; Schema: public; Owner: postgres
--

CREATE INDEX "Posts_post_parent_id_9b5ee875" ON public."Posts_post" USING btree (parent_id);


--
-- TOC entry 4872 (class 1259 OID 17432)
-- Name: auth_group_name_a6ea08ec_like; Type: INDEX; Schema: public; Owner: postgres
--

CREATE INDEX auth_group_name_a6ea08ec_like ON public.auth_group USING btree (name varchar_pattern_ops);


--
-- TOC entry 4877 (class 1259 OID 17358)
-- Name: auth_group_permissions_group_id_b120cbf9; Type: INDEX; Schema: public; Owner: postgres
--

CREATE INDEX auth_group_permissions_group_id_b120cbf9 ON public.auth_group_permissions USING btree (group_id);


--
-- TOC entry 4880 (class 1259 OID 17359)
-- Name: auth_group_permissions_permission_id_84c5c92e; Type: INDEX; Schema: public; Owner: postgres
--

CREATE INDEX auth_group_permissions_permission_id_84c5c92e ON public.auth_group_permissions USING btree (permission_id);


--
-- TOC entry 4867 (class 1259 OID 17344)
-- Name: auth_permission_content_type_id_2f476e4b; Type: INDEX; Schema: public; Owner: postgres
--

CREATE INDEX auth_permission_content_type_id_2f476e4b ON public.auth_permission USING btree (content_type_id);


--
-- TOC entry 4888 (class 1259 OID 17374)
-- Name: auth_user_groups_group_id_97559544; Type: INDEX; Schema: public; Owner: postgres
--

CREATE INDEX auth_user_groups_group_id_97559544 ON public.auth_user_groups USING btree (group_id);


--
-- TOC entry 4891 (class 1259 OID 17373)
-- Name: auth_user_groups_user_id_6a12ed8b; Type: INDEX; Schema: public; Owner: postgres
--

CREATE INDEX auth_user_groups_user_id_6a12ed8b ON public.auth_user_groups USING btree (user_id);


--
-- TOC entry 4894 (class 1259 OID 17388)
-- Name: auth_user_user_permissions_permission_id_1fbb5f2c; Type: INDEX; Schema: public; Owner: postgres
--

CREATE INDEX auth_user_user_permissions_permission_id_1fbb5f2c ON public.auth_user_user_permissions USING btree (permission_id);


--
-- TOC entry 4897 (class 1259 OID 17387)
-- Name: auth_user_user_permissions_user_id_a95ead1b; Type: INDEX; Schema: public; Owner: postgres
--

CREATE INDEX auth_user_user_permissions_user_id_a95ead1b ON public.auth_user_user_permissions USING btree (user_id);


--
-- TOC entry 4885 (class 1259 OID 17427)
-- Name: auth_user_username_6821ab7c_like; Type: INDEX; Schema: public; Owner: postgres
--

CREATE INDEX auth_user_username_6821ab7c_like ON public.auth_user USING btree (username varchar_pattern_ops);


--
-- TOC entry 5022 (class 1259 OID 50696)
-- Name: authtoken_token_key_10f0b77e_like; Type: INDEX; Schema: public; Owner: postgres
--

CREATE INDEX authtoken_token_key_10f0b77e_like ON public.authtoken_token USING btree (key varchar_pattern_ops);


--
-- TOC entry 4968 (class 1259 OID 17637)
-- Name: cities_light_city_country_id_cf310fd2; Type: INDEX; Schema: public; Owner: postgres
--

CREATE INDEX cities_light_city_country_id_cf310fd2 ON public.cities_light_city USING btree (country_id);


--
-- TOC entry 4969 (class 1259 OID 17639)
-- Name: cities_light_city_feature_code_d43c9217; Type: INDEX; Schema: public; Owner: postgres
--

CREATE INDEX cities_light_city_feature_code_d43c9217 ON public.cities_light_city USING btree (feature_code);


--
-- TOC entry 4970 (class 1259 OID 17640)
-- Name: cities_light_city_feature_code_d43c9217_like; Type: INDEX; Schema: public; Owner: postgres
--

CREATE INDEX cities_light_city_feature_code_d43c9217_like ON public.cities_light_city USING btree (feature_code varchar_pattern_ops);


--
-- TOC entry 4973 (class 1259 OID 17634)
-- Name: cities_light_city_name_4859e2a5; Type: INDEX; Schema: public; Owner: postgres
--

CREATE INDEX cities_light_city_name_4859e2a5 ON public.cities_light_city USING btree (name);


--
-- TOC entry 4974 (class 1259 OID 17635)
-- Name: cities_light_city_name_4859e2a5_like; Type: INDEX; Schema: public; Owner: postgres
--

CREATE INDEX cities_light_city_name_4859e2a5_like ON public.cities_light_city USING btree (name varchar_pattern_ops);


--
-- TOC entry 4975 (class 1259 OID 17630)
-- Name: cities_light_city_name_ascii_1e56323b; Type: INDEX; Schema: public; Owner: postgres
--

CREATE INDEX cities_light_city_name_ascii_1e56323b ON public.cities_light_city USING btree (name_ascii);


--
-- TOC entry 4976 (class 1259 OID 17631)
-- Name: cities_light_city_name_ascii_1e56323b_like; Type: INDEX; Schema: public; Owner: postgres
--

CREATE INDEX cities_light_city_name_ascii_1e56323b_like ON public.cities_light_city USING btree (name_ascii varchar_pattern_ops);


--
-- TOC entry 4979 (class 1259 OID 17638)
-- Name: cities_light_city_population_d597eeb6; Type: INDEX; Schema: public; Owner: postgres
--

CREATE INDEX cities_light_city_population_d597eeb6 ON public.cities_light_city USING btree (population);


--
-- TOC entry 4980 (class 1259 OID 17636)
-- Name: cities_light_city_region_id_f7ab977b; Type: INDEX; Schema: public; Owner: postgres
--

CREATE INDEX cities_light_city_region_id_f7ab977b ON public.cities_light_city USING btree (region_id);


--
-- TOC entry 4985 (class 1259 OID 17632)
-- Name: cities_light_city_slug_cb2251f8; Type: INDEX; Schema: public; Owner: postgres
--

CREATE INDEX cities_light_city_slug_cb2251f8 ON public.cities_light_city USING btree (slug);


--
-- TOC entry 4986 (class 1259 OID 17633)
-- Name: cities_light_city_slug_cb2251f8_like; Type: INDEX; Schema: public; Owner: postgres
--

CREATE INDEX cities_light_city_slug_cb2251f8_like ON public.cities_light_city USING btree (slug varchar_pattern_ops);


--
-- TOC entry 4987 (class 1259 OID 17679)
-- Name: cities_light_city_subregion_id_0926d2ad; Type: INDEX; Schema: public; Owner: postgres
--

CREATE INDEX cities_light_city_subregion_id_0926d2ad ON public.cities_light_city USING btree (subregion_id);


--
-- TOC entry 4988 (class 1259 OID 17642)
-- Name: cities_light_city_timezone_0fb51b1e; Type: INDEX; Schema: public; Owner: postgres
--

CREATE INDEX cities_light_city_timezone_0fb51b1e ON public.cities_light_city USING btree (timezone);


--
-- TOC entry 4989 (class 1259 OID 17643)
-- Name: cities_light_city_timezone_0fb51b1e_like; Type: INDEX; Schema: public; Owner: postgres
--

CREATE INDEX cities_light_city_timezone_0fb51b1e_like ON public.cities_light_city USING btree (timezone varchar_pattern_ops);


--
-- TOC entry 4931 (class 1259 OID 17582)
-- Name: cities_light_country_code2_69c32e9a_like; Type: INDEX; Schema: public; Owner: postgres
--

CREATE INDEX cities_light_country_code2_69c32e9a_like ON public.cities_light_country USING btree (code2 varchar_pattern_ops);


--
-- TOC entry 4934 (class 1259 OID 17583)
-- Name: cities_light_country_code3_89d251fa_like; Type: INDEX; Schema: public; Owner: postgres
--

CREATE INDEX cities_light_country_code3_89d251fa_like ON public.cities_light_country USING btree (code3 varchar_pattern_ops);


--
-- TOC entry 4937 (class 1259 OID 17584)
-- Name: cities_light_country_continent_e2c412a4; Type: INDEX; Schema: public; Owner: postgres
--

CREATE INDEX cities_light_country_continent_e2c412a4 ON public.cities_light_country USING btree (continent);


--
-- TOC entry 4938 (class 1259 OID 17585)
-- Name: cities_light_country_continent_e2c412a4_like; Type: INDEX; Schema: public; Owner: postgres
--

CREATE INDEX cities_light_country_continent_e2c412a4_like ON public.cities_light_country USING btree (continent varchar_pattern_ops);


--
-- TOC entry 4941 (class 1259 OID 17641)
-- Name: cities_light_country_name_1d61d0d2; Type: INDEX; Schema: public; Owner: postgres
--

CREATE INDEX cities_light_country_name_1d61d0d2 ON public.cities_light_country USING btree (name);


--
-- TOC entry 4942 (class 1259 OID 17581)
-- Name: cities_light_country_name_1d61d0d2_like; Type: INDEX; Schema: public; Owner: postgres
--

CREATE INDEX cities_light_country_name_1d61d0d2_like ON public.cities_light_country USING btree (name varchar_pattern_ops);


--
-- TOC entry 4943 (class 1259 OID 17577)
-- Name: cities_light_country_name_ascii_648cc5e3; Type: INDEX; Schema: public; Owner: postgres
--

CREATE INDEX cities_light_country_name_ascii_648cc5e3 ON public.cities_light_country USING btree (name_ascii);


--
-- TOC entry 4944 (class 1259 OID 17578)
-- Name: cities_light_country_name_ascii_648cc5e3_like; Type: INDEX; Schema: public; Owner: postgres
--

CREATE INDEX cities_light_country_name_ascii_648cc5e3_like ON public.cities_light_country USING btree (name_ascii varchar_pattern_ops);


--
-- TOC entry 4947 (class 1259 OID 17579)
-- Name: cities_light_country_slug_3707a22c; Type: INDEX; Schema: public; Owner: postgres
--

CREATE INDEX cities_light_country_slug_3707a22c ON public.cities_light_country USING btree (slug);


--
-- TOC entry 4948 (class 1259 OID 17580)
-- Name: cities_light_country_slug_3707a22c_like; Type: INDEX; Schema: public; Owner: postgres
--

CREATE INDEX cities_light_country_slug_3707a22c_like ON public.cities_light_country USING btree (slug varchar_pattern_ops);


--
-- TOC entry 4949 (class 1259 OID 17586)
-- Name: cities_light_country_tld_1fb2faaa; Type: INDEX; Schema: public; Owner: postgres
--

CREATE INDEX cities_light_country_tld_1fb2faaa ON public.cities_light_country USING btree (tld);


--
-- TOC entry 4950 (class 1259 OID 17587)
-- Name: cities_light_country_tld_1fb2faaa_like; Type: INDEX; Schema: public; Owner: postgres
--

CREATE INDEX cities_light_country_tld_1fb2faaa_like ON public.cities_light_country USING btree (tld varchar_pattern_ops);


--
-- TOC entry 4951 (class 1259 OID 17605)
-- Name: cities_light_region_country_id_b2782d49; Type: INDEX; Schema: public; Owner: postgres
--

CREATE INDEX cities_light_region_country_id_b2782d49 ON public.cities_light_region USING btree (country_id);


--
-- TOC entry 4956 (class 1259 OID 17603)
-- Name: cities_light_region_geoname_code_1b0d4e58; Type: INDEX; Schema: public; Owner: postgres
--

CREATE INDEX cities_light_region_geoname_code_1b0d4e58 ON public.cities_light_region USING btree (geoname_code);


--
-- TOC entry 4957 (class 1259 OID 17604)
-- Name: cities_light_region_geoname_code_1b0d4e58_like; Type: INDEX; Schema: public; Owner: postgres
--

CREATE INDEX cities_light_region_geoname_code_1b0d4e58_like ON public.cities_light_region USING btree (geoname_code varchar_pattern_ops);


--
-- TOC entry 4960 (class 1259 OID 17601)
-- Name: cities_light_region_name_775f9496; Type: INDEX; Schema: public; Owner: postgres
--

CREATE INDEX cities_light_region_name_775f9496 ON public.cities_light_region USING btree (name);


--
-- TOC entry 4961 (class 1259 OID 17602)
-- Name: cities_light_region_name_775f9496_like; Type: INDEX; Schema: public; Owner: postgres
--

CREATE INDEX cities_light_region_name_775f9496_like ON public.cities_light_region USING btree (name varchar_pattern_ops);


--
-- TOC entry 4962 (class 1259 OID 17597)
-- Name: cities_light_region_name_ascii_f085cb82; Type: INDEX; Schema: public; Owner: postgres
--

CREATE INDEX cities_light_region_name_ascii_f085cb82 ON public.cities_light_region USING btree (name_ascii);


--
-- TOC entry 4963 (class 1259 OID 17598)
-- Name: cities_light_region_name_ascii_f085cb82_like; Type: INDEX; Schema: public; Owner: postgres
--

CREATE INDEX cities_light_region_name_ascii_f085cb82_like ON public.cities_light_region USING btree (name_ascii varchar_pattern_ops);


--
-- TOC entry 4966 (class 1259 OID 17599)
-- Name: cities_light_region_slug_1653969f; Type: INDEX; Schema: public; Owner: postgres
--

CREATE INDEX cities_light_region_slug_1653969f ON public.cities_light_region USING btree (slug);


--
-- TOC entry 4967 (class 1259 OID 17600)
-- Name: cities_light_region_slug_1653969f_like; Type: INDEX; Schema: public; Owner: postgres
--

CREATE INDEX cities_light_region_slug_1653969f_like ON public.cities_light_region USING btree (slug varchar_pattern_ops);


--
-- TOC entry 4990 (class 1259 OID 17677)
-- Name: cities_light_subregion_country_id_9b32b484; Type: INDEX; Schema: public; Owner: postgres
--

CREATE INDEX cities_light_subregion_country_id_9b32b484 ON public.cities_light_subregion USING btree (country_id);


--
-- TOC entry 4991 (class 1259 OID 17675)
-- Name: cities_light_subregion_geoname_code_843acdc3; Type: INDEX; Schema: public; Owner: postgres
--

CREATE INDEX cities_light_subregion_geoname_code_843acdc3 ON public.cities_light_subregion USING btree (geoname_code);


--
-- TOC entry 4992 (class 1259 OID 17676)
-- Name: cities_light_subregion_geoname_code_843acdc3_like; Type: INDEX; Schema: public; Owner: postgres
--

CREATE INDEX cities_light_subregion_geoname_code_843acdc3_like ON public.cities_light_subregion USING btree (geoname_code varchar_pattern_ops);


--
-- TOC entry 4995 (class 1259 OID 17669)
-- Name: cities_light_subregion_name_2882337e; Type: INDEX; Schema: public; Owner: postgres
--

CREATE INDEX cities_light_subregion_name_2882337e ON public.cities_light_subregion USING btree (name);


--
-- TOC entry 4996 (class 1259 OID 17670)
-- Name: cities_light_subregion_name_2882337e_like; Type: INDEX; Schema: public; Owner: postgres
--

CREATE INDEX cities_light_subregion_name_2882337e_like ON public.cities_light_subregion USING btree (name varchar_pattern_ops);


--
-- TOC entry 4997 (class 1259 OID 17671)
-- Name: cities_light_subregion_name_ascii_ecf9a336; Type: INDEX; Schema: public; Owner: postgres
--

CREATE INDEX cities_light_subregion_name_ascii_ecf9a336 ON public.cities_light_subregion USING btree (name_ascii);


--
-- TOC entry 4998 (class 1259 OID 17672)
-- Name: cities_light_subregion_name_ascii_ecf9a336_like; Type: INDEX; Schema: public; Owner: postgres
--

CREATE INDEX cities_light_subregion_name_ascii_ecf9a336_like ON public.cities_light_subregion USING btree (name_ascii varchar_pattern_ops);


--
-- TOC entry 5001 (class 1259 OID 17678)
-- Name: cities_light_subregion_region_id_c6e0b71f; Type: INDEX; Schema: public; Owner: postgres
--

CREATE INDEX cities_light_subregion_region_id_c6e0b71f ON public.cities_light_subregion USING btree (region_id);


--
-- TOC entry 5002 (class 1259 OID 17673)
-- Name: cities_light_subregion_slug_43494546; Type: INDEX; Schema: public; Owner: postgres
--

CREATE INDEX cities_light_subregion_slug_43494546 ON public.cities_light_subregion USING btree (slug);


--
-- TOC entry 5003 (class 1259 OID 17674)
-- Name: cities_light_subregion_slug_43494546_like; Type: INDEX; Schema: public; Owner: postgres
--

CREATE INDEX cities_light_subregion_slug_43494546_like ON public.cities_light_subregion USING btree (slug varchar_pattern_ops);


--
-- TOC entry 4904 (class 1259 OID 17423)
-- Name: django_admin_log_content_type_id_c4bce8eb; Type: INDEX; Schema: public; Owner: postgres
--

CREATE INDEX django_admin_log_content_type_id_c4bce8eb ON public.django_admin_log USING btree (content_type_id);


--
-- TOC entry 4907 (class 1259 OID 17424)
-- Name: django_admin_log_user_id_c564eba6; Type: INDEX; Schema: public; Owner: postgres
--

CREATE INDEX django_admin_log_user_id_c564eba6 ON public.django_admin_log USING btree (user_id);


--
-- TOC entry 4908 (class 1259 OID 17441)
-- Name: django_session_expire_date_a5c62663; Type: INDEX; Schema: public; Owner: postgres
--

CREATE INDEX django_session_expire_date_a5c62663 ON public.django_session USING btree (expire_date);


--
-- TOC entry 4911 (class 1259 OID 17440)
-- Name: django_session_session_key_c0390e0f_like; Type: INDEX; Schema: public; Owner: postgres
--

CREATE INDEX django_session_session_key_c0390e0f_like ON public.django_session USING btree (session_key varchar_pattern_ops);


--
-- TOC entry 5031 (class 1259 OID 67139)
-- Name: token_blacklist_outstandingtoken_jti_hex_d9bdf6f7_like; Type: INDEX; Schema: public; Owner: postgres
--

CREATE INDEX token_blacklist_outstandingtoken_jti_hex_d9bdf6f7_like ON public.token_blacklist_outstandingtoken USING btree (jti varchar_pattern_ops);


--
-- TOC entry 5036 (class 1259 OID 67136)
-- Name: token_blacklist_outstandingtoken_user_id_83bc629a; Type: INDEX; Schema: public; Owner: postgres
--

CREATE INDEX token_blacklist_outstandingtoken_user_id_83bc629a ON public.token_blacklist_outstandingtoken USING btree (user_id);


--
-- TOC entry 5066 (class 2606 OID 50669)
-- Name: Customizables_blocked_users Customizables_blocke_profile_id_c24ac5d8_fk_Customiza; Type: FK CONSTRAINT; Schema: public; Owner: postgres
--

ALTER TABLE ONLY public."Customizables_blocked_users"
    ADD CONSTRAINT "Customizables_blocke_profile_id_c24ac5d8_fk_Customiza" FOREIGN KEY (profile_id) REFERENCES public."Customizables"(id) DEFERRABLE INITIALLY DEFERRED;


--
-- TOC entry 5067 (class 2606 OID 50674)
-- Name: Customizables_blocked_users Customizables_blocked_users_user_id_f3728b8e_fk_auth_user_id; Type: FK CONSTRAINT; Schema: public; Owner: postgres
--

ALTER TABLE ONLY public."Customizables_blocked_users"
    ADD CONSTRAINT "Customizables_blocked_users_user_id_f3728b8e_fk_auth_user_id" FOREIGN KEY (user_id) REFERENCES public.auth_user(id) DEFERRABLE INITIALLY DEFERRED;


--
-- TOC entry 5064 (class 2606 OID 17759)
-- Name: Customizables_friends Customizables_friend_from_profile_id_a883a65f_fk_Customiza; Type: FK CONSTRAINT; Schema: public; Owner: postgres
--

ALTER TABLE ONLY public."Customizables_friends"
    ADD CONSTRAINT "Customizables_friend_from_profile_id_a883a65f_fk_Customiza" FOREIGN KEY (from_profile_id) REFERENCES public."Customizables"(id) DEFERRABLE INITIALLY DEFERRED;


--
-- TOC entry 5065 (class 2606 OID 17764)
-- Name: Customizables_friends Customizables_friend_to_profile_id_0316ece7_fk_Customiza; Type: FK CONSTRAINT; Schema: public; Owner: postgres
--

ALTER TABLE ONLY public."Customizables_friends"
    ADD CONSTRAINT "Customizables_friend_to_profile_id_0316ece7_fk_Customiza" FOREIGN KEY (to_profile_id) REFERENCES public."Customizables"(id) DEFERRABLE INITIALLY DEFERRED;


--
-- TOC entry 5047 (class 2606 OID 17448)
-- Name: Friendship_friendrequest Friendship_friendrequest_from_user_id_620b474f_fk_auth_user_id; Type: FK CONSTRAINT; Schema: public; Owner: postgres
--

ALTER TABLE ONLY public."Friendship_friendrequest"
    ADD CONSTRAINT "Friendship_friendrequest_from_user_id_620b474f_fk_auth_user_id" FOREIGN KEY (from_user_id) REFERENCES public.auth_user(id) DEFERRABLE INITIALLY DEFERRED;


--
-- TOC entry 5048 (class 2606 OID 17453)
-- Name: Friendship_friendrequest Friendship_friendrequest_to_user_id_0b14cffd_fk_auth_user_id; Type: FK CONSTRAINT; Schema: public; Owner: postgres
--

ALTER TABLE ONLY public."Friendship_friendrequest"
    ADD CONSTRAINT "Friendship_friendrequest_to_user_id_0b14cffd_fk_auth_user_id" FOREIGN KEY (to_user_id) REFERENCES public.auth_user(id) DEFERRABLE INITIALLY DEFERRED;


--
-- TOC entry 5060 (class 2606 OID 132647)
-- Name: Notifications_notifications Notifications_notifi_comment_id_ac122391_fk_Posts_pos; Type: FK CONSTRAINT; Schema: public; Owner: postgres
--

ALTER TABLE ONLY public."Notifications_notifications"
    ADD CONSTRAINT "Notifications_notifi_comment_id_ac122391_fk_Posts_pos" FOREIGN KEY (comment_id) REFERENCES public."Posts_post"(id) DEFERRABLE INITIALLY DEFERRED;


--
-- TOC entry 5061 (class 2606 OID 17772)
-- Name: Notifications_notifications Notifications_notifi_friend_request_id_6027778b_fk_Friendshi; Type: FK CONSTRAINT; Schema: public; Owner: postgres
--

ALTER TABLE ONLY public."Notifications_notifications"
    ADD CONSTRAINT "Notifications_notifi_friend_request_id_6027778b_fk_Friendshi" FOREIGN KEY (friend_request_id) REFERENCES public."Friendship_friendrequest"(id) DEFERRABLE INITIALLY DEFERRED;


--
-- TOC entry 5062 (class 2606 OID 17777)
-- Name: Notifications_notifications Notifications_notifications_post_id_7f7e73d9_fk_Posts_post_id; Type: FK CONSTRAINT; Schema: public; Owner: postgres
--

ALTER TABLE ONLY public."Notifications_notifications"
    ADD CONSTRAINT "Notifications_notifications_post_id_7f7e73d9_fk_Posts_post_id" FOREIGN KEY (post_id) REFERENCES public."Posts_post"(id) DEFERRABLE INITIALLY DEFERRED;


--
-- TOC entry 5063 (class 2606 OID 17731)
-- Name: Notifications_notifications Notifications_notifications_to_user_id_ca775ffd_fk_auth_user_id; Type: FK CONSTRAINT; Schema: public; Owner: postgres
--

ALTER TABLE ONLY public."Notifications_notifications"
    ADD CONSTRAINT "Notifications_notifications_to_user_id_ca775ffd_fk_auth_user_id" FOREIGN KEY (to_user_id) REFERENCES public.auth_user(id) DEFERRABLE INITIALLY DEFERRED;


--
-- TOC entry 5052 (class 2606 OID 17512)
-- Name: Posts_like Posts_like_post_id_0a3db427_fk_Posts_post_id; Type: FK CONSTRAINT; Schema: public; Owner: postgres
--

ALTER TABLE ONLY public."Posts_like"
    ADD CONSTRAINT "Posts_like_post_id_0a3db427_fk_Posts_post_id" FOREIGN KEY (post_id) REFERENCES public."Posts_post"(id) DEFERRABLE INITIALLY DEFERRED;


--
-- TOC entry 5053 (class 2606 OID 17507)
-- Name: Posts_like Posts_like_user_id_c0cd78df_fk_auth_user_id; Type: FK CONSTRAINT; Schema: public; Owner: postgres
--

ALTER TABLE ONLY public."Posts_like"
    ADD CONSTRAINT "Posts_like_user_id_c0cd78df_fk_auth_user_id" FOREIGN KEY (user_id) REFERENCES public.auth_user(id) DEFERRABLE INITIALLY DEFERRED;


--
-- TOC entry 5051 (class 2606 OID 17501)
-- Name: Posts_media Posts_media_post_id_15932e8e_fk_Posts_post_id; Type: FK CONSTRAINT; Schema: public; Owner: postgres
--

ALTER TABLE ONLY public."Posts_media"
    ADD CONSTRAINT "Posts_media_post_id_15932e8e_fk_Posts_post_id" FOREIGN KEY (post_id) REFERENCES public."Posts_post"(id) DEFERRABLE INITIALLY DEFERRED;


--
-- TOC entry 5049 (class 2606 OID 17745)
-- Name: Posts_post Posts_post_author_id_f243f01a_fk_auth_user_id; Type: FK CONSTRAINT; Schema: public; Owner: postgres
--

ALTER TABLE ONLY public."Posts_post"
    ADD CONSTRAINT "Posts_post_author_id_f243f01a_fk_auth_user_id" FOREIGN KEY (author_id) REFERENCES public.auth_user(id) DEFERRABLE INITIALLY DEFERRED;


--
-- TOC entry 5050 (class 2606 OID 75294)
-- Name: Posts_post Posts_post_parent_id_9b5ee875_fk_Posts_post_id; Type: FK CONSTRAINT; Schema: public; Owner: postgres
--

ALTER TABLE ONLY public."Posts_post"
    ADD CONSTRAINT "Posts_post_parent_id_9b5ee875_fk_Posts_post_id" FOREIGN KEY (parent_id) REFERENCES public."Posts_post"(id) DEFERRABLE INITIALLY DEFERRED;


--
-- TOC entry 5044 (class 2606 OID 17399)
-- Name: Customizables Profile_profile_user_id_957ea2e4_fk_auth_user_id; Type: FK CONSTRAINT; Schema: public; Owner: postgres
--

ALTER TABLE ONLY public."Customizables"
    ADD CONSTRAINT "Profile_profile_user_id_957ea2e4_fk_auth_user_id" FOREIGN KEY (user_id) REFERENCES public.auth_user(id) DEFERRABLE INITIALLY DEFERRED;


--
-- TOC entry 5038 (class 2606 OID 17353)
-- Name: auth_group_permissions auth_group_permissio_permission_id_84c5c92e_fk_auth_perm; Type: FK CONSTRAINT; Schema: public; Owner: postgres
--

ALTER TABLE ONLY public.auth_group_permissions
    ADD CONSTRAINT auth_group_permissio_permission_id_84c5c92e_fk_auth_perm FOREIGN KEY (permission_id) REFERENCES public.auth_permission(id) DEFERRABLE INITIALLY DEFERRED;


--
-- TOC entry 5039 (class 2606 OID 17348)
-- Name: auth_group_permissions auth_group_permissions_group_id_b120cbf9_fk_auth_group_id; Type: FK CONSTRAINT; Schema: public; Owner: postgres
--

ALTER TABLE ONLY public.auth_group_permissions
    ADD CONSTRAINT auth_group_permissions_group_id_b120cbf9_fk_auth_group_id FOREIGN KEY (group_id) REFERENCES public.auth_group(id) DEFERRABLE INITIALLY DEFERRED;


--
-- TOC entry 5037 (class 2606 OID 17339)
-- Name: auth_permission auth_permission_content_type_id_2f476e4b_fk_django_co; Type: FK CONSTRAINT; Schema: public; Owner: postgres
--

ALTER TABLE ONLY public.auth_permission
    ADD CONSTRAINT auth_permission_content_type_id_2f476e4b_fk_django_co FOREIGN KEY (content_type_id) REFERENCES public.django_content_type(id) DEFERRABLE INITIALLY DEFERRED;


--
-- TOC entry 5040 (class 2606 OID 17368)
-- Name: auth_user_groups auth_user_groups_group_id_97559544_fk_auth_group_id; Type: FK CONSTRAINT; Schema: public; Owner: postgres
--

ALTER TABLE ONLY public.auth_user_groups
    ADD CONSTRAINT auth_user_groups_group_id_97559544_fk_auth_group_id FOREIGN KEY (group_id) REFERENCES public.auth_group(id) DEFERRABLE INITIALLY DEFERRED;


--
-- TOC entry 5041 (class 2606 OID 17363)
-- Name: auth_user_groups auth_user_groups_user_id_6a12ed8b_fk_auth_user_id; Type: FK CONSTRAINT; Schema: public; Owner: postgres
--

ALTER TABLE ONLY public.auth_user_groups
    ADD CONSTRAINT auth_user_groups_user_id_6a12ed8b_fk_auth_user_id FOREIGN KEY (user_id) REFERENCES public.auth_user(id) DEFERRABLE INITIALLY DEFERRED;


--
-- TOC entry 5042 (class 2606 OID 17382)
-- Name: auth_user_user_permissions auth_user_user_permi_permission_id_1fbb5f2c_fk_auth_perm; Type: FK CONSTRAINT; Schema: public; Owner: postgres
--

ALTER TABLE ONLY public.auth_user_user_permissions
    ADD CONSTRAINT auth_user_user_permi_permission_id_1fbb5f2c_fk_auth_perm FOREIGN KEY (permission_id) REFERENCES public.auth_permission(id) DEFERRABLE INITIALLY DEFERRED;


--
-- TOC entry 5043 (class 2606 OID 17377)
-- Name: auth_user_user_permissions auth_user_user_permissions_user_id_a95ead1b_fk_auth_user_id; Type: FK CONSTRAINT; Schema: public; Owner: postgres
--

ALTER TABLE ONLY public.auth_user_user_permissions
    ADD CONSTRAINT auth_user_user_permissions_user_id_a95ead1b_fk_auth_user_id FOREIGN KEY (user_id) REFERENCES public.auth_user(id) DEFERRABLE INITIALLY DEFERRED;


--
-- TOC entry 5068 (class 2606 OID 50691)
-- Name: authtoken_token authtoken_token_user_id_35299eff_fk_auth_user_id; Type: FK CONSTRAINT; Schema: public; Owner: postgres
--

ALTER TABLE ONLY public.authtoken_token
    ADD CONSTRAINT authtoken_token_user_id_35299eff_fk_auth_user_id FOREIGN KEY (user_id) REFERENCES public.auth_user(id) DEFERRABLE INITIALLY DEFERRED;


--
-- TOC entry 5055 (class 2606 OID 17625)
-- Name: cities_light_city cities_light_city_country_id_cf310fd2_fk_cities_li; Type: FK CONSTRAINT; Schema: public; Owner: postgres
--

ALTER TABLE ONLY public.cities_light_city
    ADD CONSTRAINT cities_light_city_country_id_cf310fd2_fk_cities_li FOREIGN KEY (country_id) REFERENCES public.cities_light_country(id) DEFERRABLE INITIALLY DEFERRED;


--
-- TOC entry 5056 (class 2606 OID 17620)
-- Name: cities_light_city cities_light_city_region_id_f7ab977b_fk_cities_light_region_id; Type: FK CONSTRAINT; Schema: public; Owner: postgres
--

ALTER TABLE ONLY public.cities_light_city
    ADD CONSTRAINT cities_light_city_region_id_f7ab977b_fk_cities_light_region_id FOREIGN KEY (region_id) REFERENCES public.cities_light_region(id) DEFERRABLE INITIALLY DEFERRED;


--
-- TOC entry 5057 (class 2606 OID 17654)
-- Name: cities_light_city cities_light_city_subregion_id_0926d2ad_fk_cities_li; Type: FK CONSTRAINT; Schema: public; Owner: postgres
--

ALTER TABLE ONLY public.cities_light_city
    ADD CONSTRAINT cities_light_city_subregion_id_0926d2ad_fk_cities_li FOREIGN KEY (subregion_id) REFERENCES public.cities_light_subregion(id) DEFERRABLE INITIALLY DEFERRED;


--
-- TOC entry 5054 (class 2606 OID 17592)
-- Name: cities_light_region cities_light_region_country_id_b2782d49_fk_cities_li; Type: FK CONSTRAINT; Schema: public; Owner: postgres
--

ALTER TABLE ONLY public.cities_light_region
    ADD CONSTRAINT cities_light_region_country_id_b2782d49_fk_cities_li FOREIGN KEY (country_id) REFERENCES public.cities_light_country(id) DEFERRABLE INITIALLY DEFERRED;


--
-- TOC entry 5058 (class 2606 OID 17659)
-- Name: cities_light_subregion cities_light_subregi_country_id_9b32b484_fk_cities_li; Type: FK CONSTRAINT; Schema: public; Owner: postgres
--

ALTER TABLE ONLY public.cities_light_subregion
    ADD CONSTRAINT cities_light_subregi_country_id_9b32b484_fk_cities_li FOREIGN KEY (country_id) REFERENCES public.cities_light_country(id) DEFERRABLE INITIALLY DEFERRED;


--
-- TOC entry 5059 (class 2606 OID 17684)
-- Name: cities_light_subregion cities_light_subregi_region_id_c6e0b71f_fk_cities_li; Type: FK CONSTRAINT; Schema: public; Owner: postgres
--

ALTER TABLE ONLY public.cities_light_subregion
    ADD CONSTRAINT cities_light_subregi_region_id_c6e0b71f_fk_cities_li FOREIGN KEY (region_id) REFERENCES public.cities_light_region(id) DEFERRABLE INITIALLY DEFERRED;


--
-- TOC entry 5045 (class 2606 OID 17413)
-- Name: django_admin_log django_admin_log_content_type_id_c4bce8eb_fk_django_co; Type: FK CONSTRAINT; Schema: public; Owner: postgres
--

ALTER TABLE ONLY public.django_admin_log
    ADD CONSTRAINT django_admin_log_content_type_id_c4bce8eb_fk_django_co FOREIGN KEY (content_type_id) REFERENCES public.django_content_type(id) DEFERRABLE INITIALLY DEFERRED;


--
-- TOC entry 5046 (class 2606 OID 17418)
-- Name: django_admin_log django_admin_log_user_id_c564eba6_fk_auth_user_id; Type: FK CONSTRAINT; Schema: public; Owner: postgres
--

ALTER TABLE ONLY public.django_admin_log
    ADD CONSTRAINT django_admin_log_user_id_c564eba6_fk_auth_user_id FOREIGN KEY (user_id) REFERENCES public.auth_user(id) DEFERRABLE INITIALLY DEFERRED;


--
-- TOC entry 5069 (class 2606 OID 67174)
-- Name: token_blacklist_blacklistedtoken token_blacklist_blacklistedtoken_token_id_3cc7fe56_fk; Type: FK CONSTRAINT; Schema: public; Owner: postgres
--

ALTER TABLE ONLY public.token_blacklist_blacklistedtoken
    ADD CONSTRAINT token_blacklist_blacklistedtoken_token_id_3cc7fe56_fk FOREIGN KEY (token_id) REFERENCES public.token_blacklist_outstandingtoken(id) DEFERRABLE INITIALLY DEFERRED;


--
-- TOC entry 5070 (class 2606 OID 67140)
-- Name: token_blacklist_outstandingtoken token_blacklist_outs_user_id_83bc629a_fk_auth_user; Type: FK CONSTRAINT; Schema: public; Owner: postgres
--

ALTER TABLE ONLY public.token_blacklist_outstandingtoken
    ADD CONSTRAINT token_blacklist_outs_user_id_83bc629a_fk_auth_user FOREIGN KEY (user_id) REFERENCES public.auth_user(id) DEFERRABLE INITIALLY DEFERRED;


-- Completed on 2025-05-30 15:06:12

--
-- PostgreSQL database dump complete
--

